사고번호,사고일시,요일,시군구,사고내용,사망자수,중상자수,경상자수,부상신고자수,사고유형,법규위반,노면상태,기상상태,도로형태,가해운전자 차종,가해운전자 성별,가해운전자 연령,가해운전자 상해정도,피해운전자 차종,피해운전자 성별,피해운전자 연령,피해운전자 상해정도
2018040100100435,2018년 4월 1일 21시,일요일,경상북도 구미시 원평동,중상사고,0,1,0,0,차대사람 - 차도통행중,안전운전불이행,포장 - 건조,맑음,단일로 - 기타,승합,남,56세,상해없음,보행자,남,18세,중상
2018040200100127,2018년 4월 2일 08시,월요일,경상북도 칠곡군 왜관읍,경상사고,0,0,1,0,차대사람 - 길가장자리구역통행중,안전운전불이행,포장 - 건조,맑음,단일로 - 기타,승용,여,46세,상해없음,보행자,여,16세,경상
2018040200100246,2018년 4월 2일 12시,월요일,경상북도 경주시 서부동,중상사고,0,1,0,0,차대사람 - 횡단중,보행자보호의무위반,포장 - 건조,맑음,교차로 - 교차로횡단보도내,이륜,남,55세,상해없음,보행자,여,62세,중상
2018040200100346,2018년 4월 2일 15시,월요일,경상북도 김천시 성내동,경상사고,0,0,1,0,차대사람 - 횡단중,보행자보호의무위반,포장 - 건조,맑음,단일로 - 기타,승용,여,28세,상해없음,보행자,여,71세,경상
2018040200100347,2018년 4월 2일 15시,월요일,경상북도 경산시 사정동,중상사고,0,1,0,0,차대사람 - 횡단중,안전운전불이행,포장 - 건조,맑음,단일로 - 기타,승용,여,48세,상해없음,보행자,여,40세,중상
2018040200100348,2018년 4월 2일 15시,월요일,경상북도 구미시 공단동,중상사고,0,1,0,0,차대사람 - 횡단중,안전운전불이행,포장 - 건조,맑음,교차로 - 교차로부근,승합,남,51세,상해없음,보행자,여,47세,중상
2018040200100379,2018년 4월 2일 16시,월요일,경상북도 경주시 황성동,경상사고,0,0,1,0,차대사람 - 길가장자리구역통행중,안전운전불이행,포장 - 건조,맑음,단일로 - 기타,승용,남,75세,상해없음,보행자,남,31세,경상
2018040200100380,2018년 4월 2일 16시,월요일,경상북도 경주시 성건동,중상사고,0,1,0,0,차대사람 - 길가장자리구역통행중,안전운전불이행,포장 - 건조,맑음,단일로 - 기타,승용,남,77세,상해없음,보행자,여,79세,중상
2018040200100416,2018년 4월 2일 17시,월요일,경상북도 안동시 태화동,중상사고,0,1,0,0,차대사람 - 횡단중,안전운전불이행,포장 - 건조,맑음,단일로 - 기타,승용,여,68세,상해없음,보행자,남,50세,중상
2018040200100500,2018년 4월 2일 19시,월요일,경상북도 영천시 고경면,경상사고,0,0,1,0,차대사람 - 기타,안전운전불이행,포장 - 건조,맑음,교차로 - 교차로안,승용,여,54세,상해없음,보행자,남,8세,경상
2018040200100536,2018년 4월 2일 20시,월요일,경상북도 포항시 남구 동해면,중상사고,0,1,1,0,차대사람 - 횡단중,안전운전불이행,포장 - 건조,맑음,단일로 - 기타,승용,남,47세,상해없음,보행자,여,58세,중상
2018040300100050,2018년 4월 3일 05시,화요일,경상북도 구미시 광평동,중상사고,0,1,0,0,차대사람 - 횡단중,안전운전불이행,포장 - 건조,맑음,단일로 - 기타,건설기계,남,57세,상해없음,보행자,여,79세,중상
2018040300100082,2018년 4월 3일 07시,화요일,경상북도 포항시 남구 지곡동,경상사고,0,0,1,0,차대사람 - 보도통행중,보행자보호의무위반,포장 - 건조,맑음,교차로 - 교차로안,승용,남,68세,상해없음,보행자,남,66세,경상
2018040300100161,2018년 4월 3일 09시,화요일,경상북도 구미시 고아읍,경상사고,0,0,1,0,차대사람 - 기타,안전운전불이행,포장 - 건조,맑음,기타 - 기타,승용,남,64세,상해없음,보행자,여,58세,경상
2018040300100291,2018년 4월 3일 13시,화요일,경상북도 포항시 남구 대잠동,중상사고,0,1,0,0,차대사람 - 기타,교차로운행방법위반,포장 - 건조,맑음,교차로 - 교차로안,승용,남,51세,상해없음,보행자,여,21세,중상
2018040300100362,2018년 4월 3일 15시,화요일,경상북도 영천시 완산동,경상사고,0,0,1,0,차대사람 - 차도통행중,안전운전불이행,포장 - 건조,맑음,교차로 - 교차로안,승용,여,41세,상해없음,보행자,남,54세,경상
2018040300100474,2018년 4월 3일 18시,화요일,경상북도 안동시 옥동,부상신고사고,0,0,0,1,차대사람 - 횡단중,안전운전불이행,포장 - 건조,맑음,단일로 - 기타,승용,남,31세,상해없음,보행자,남,7세,부상신고
2018040300100476,2018년 4월 3일 18시,화요일,경상북도 포항시 남구 이동,경상사고,0,0,1,0,차대사람 - 기타,안전운전불이행,포장 - 건조,맑음,교차로 - 교차로안,승용,남,39세,상해없음,보행자,여,76세,경상
2018040400100153,2018년 4월 4일 08시,수요일,경상북도 포항시 남구 해도동,경상사고,0,0,1,0,차대사람 - 길가장자리구역통행중,교차로운행방법위반,포장 - 젖음/습기,맑음,교차로 - 교차로안,승용,여,43세,상해없음,보행자,남,83세,경상
2018040400100180,2018년 4월 4일 09시,수요일,경상북도 경주시 황오동,중상사고,0,1,0,0,차대사람 - 횡단중,안전운전불이행,포장 - 건조,흐림,단일로 - 기타,이륜,남,71세,상해없음,보행자,여,75세,중상
2018040400100181,2018년 4월 4일 09시,수요일,경상북도 안동시 태화동,중상사고,0,1,0,0,차대사람 - 횡단중,안전운전불이행,포장 - 젖음/습기,비,단일로 - 기타,승용,여,39세,상해없음,보행자,여,79세,중상
2018040400100282,2018년 4월 4일 13시,수요일,경상북도 포항시 북구 용흥동,중상사고,0,1,0,0,차대사람 - 횡단중,신호위반,포장 - 건조,맑음,단일로 - 기타,화물,남,25세,상해없음,보행자,여,63세,중상
2018040400100283,2018년 4월 4일 13시,수요일,경상북도 봉화군 춘양면,중상사고,0,1,0,0,차대사람 - 기타,안전운전불이행,포장 - 건조,맑음,교차로 - 교차로부근,승용,남,78세,상해없음,보행자,여,74세,중상
2018040400100320,2018년 4월 4일 14시,수요일,경상북도 울진군 울진읍,중상사고,0,1,0,0,차대사람 - 횡단중,보행자보호의무위반,포장 - 젖음/습기,비,단일로 - 기타,화물,남,67세,상해없음,보행자,여,10세,중상
2018040400100460,2018년 4월 4일 18시,수요일,경상북도 문경시 흥덕동,경상사고,0,0,1,0,차대사람 - 횡단중,안전운전불이행,포장 - 건조,맑음,단일로 - 기타,화물,여,61세,상해없음,보행자,여,7세,경상
2018040400100536,2018년 4월 4일 20시,수요일,경상북도 안동시 송현동,중상사고,0,1,0,0,차대사람 - 횡단중,안전운전불이행,포장 - 건조,맑음,단일로 - 기타,화물,남,52세,상해없음,보행자,남,19세,중상
2018040400100537,2018년 4월 4일 20시,수요일,경상북도 김천시 백옥동,경상사고,0,0,2,0,차대사람 - 횡단중,신호위반,포장 - 젖음/습기,비,교차로 - 교차로횡단보도내,이륜,남,53세,상해없음,보행자,남,32세,경상
2018040400100568,2018년 4월 4일 21시,수요일,경상북도 영주시 하망동,경상사고,0,0,1,0,차대사람 - 차도통행중,안전운전불이행,포장 - 건조,맑음,교차로 - 교차로안,이륜,남,25세,상해없음,보행자,남,76세,경상
2018040500100292,2018년 4월 5일 14시,목요일,경상북도 경주시 북군동,경상사고,0,0,1,0,차대사람 - 차도통행중,안전운전불이행,포장 - 건조,맑음,단일로 - 기타,승용,남,62세,상해없음,보행자,남,62세,경상
2018040500100347,2018년 4월 5일 16시,목요일,경상북도 경주시 내남면,사망사고,1,0,0,0,차대사람 - 길가장자리구역통행중,안전운전불이행,포장 - 젖음/습기,흐림,교차로 - 교차로부근,승합,여,41세,상해없음,보행자,남,8세,사망
2018040500100532,2018년 4월 5일 20시,목요일,경상북도 구미시 송정동,중상사고,0,1,0,0,차대사람 - 횡단중,안전운전불이행,포장 - 젖음/습기,비,단일로 - 기타,승용,여,41세,상해없음,보행자,여,56세,중상
2018040500100578,2018년 4월 5일 21시,목요일,경상북도 경산시 사정동,사망사고,1,0,0,0,차대사람 - 횡단중,보행자보호의무위반,포장 - 젖음/습기,비,단일로 - 기타,승용,남,50세,상해없음,보행자,여,68세,사망
2018040500100665,2018년 4월 5일 23시,목요일,경상북도 경산시 삼풍동,경상사고,0,0,1,0,차대사람 - 횡단중,보행자보호의무위반,포장 - 젖음/습기,비,교차로 - 교차로부근,승용,남,45세,기타불명,보행자,남,38세,경상
2018040500100666,2018년 4월 5일 23시,목요일,경상북도 구미시 구평동,경상사고,0,0,1,0,차대사람 - 기타,안전운전불이행,포장 - 젖음/습기,비,교차로 - 교차로부근,승용,여,67세,상해없음,보행자,여,16세,경상
2018040600100193,2018년 4월 6일 09시,금요일,경상북도 구미시 인의동,중상사고,0,1,0,0,차대사람 - 횡단중,안전운전불이행,포장 - 건조,맑음,교차로 - 교차로안,승용,남,54세,상해없음,보행자,여,67세,중상
2018040600100329,2018년 4월 6일 14시,금요일,경상북도 구미시 옥계동,중상사고,0,1,0,0,차대사람 - 횡단중,안전운전불이행,포장 - 건조,맑음,교차로 - 교차로횡단보도내,승합,여,60세,상해없음,보행자,여,7세,중상
2018040600100433,2018년 4월 6일 17시,금요일,경상북도 포항시 북구 상원동,경상사고,0,0,1,0,차대사람 - 기타,안전운전불이행,포장 - 건조,맑음,단일로 - 기타,승용,남,24세,상해없음,보행자,남,80세,경상
2018040600100434,2018년 4월 6일 17시,금요일,경상북도 안동시 태화동,경상사고,0,0,1,0,차대사람 - 횡단중,신호위반,포장 - 건조,맑음,단일로 - 기타,승용,남,21세,상해없음,보행자,남,14세,경상
2018040600100504,2018년 4월 6일 19시,금요일,경상북도 경산시 하양읍,중상사고,0,1,0,0,차대사람 - 기타,안전운전불이행,포장 - 건조,맑음,단일로 - 기타,기타불명,기타불명,미분류,기타불명,보행자,남,58세,중상
2018040600100549,2018년 4월 6일 20시,금요일,경상북도 울진군 후포면,중상사고,0,1,0,0,차대사람 - 보도통행중,안전운전불이행,포장 - 건조,맑음,단일로 - 기타,승용,남,66세,상해없음,보행자,남,71세,중상
2018040600100611,2018년 4월 6일 22시,금요일,경상북도 경주시 용강동,중상사고,0,1,1,0,차대사람 - 길가장자리구역통행중,안전운전불이행,포장 - 건조,맑음,단일로 - 기타,이륜,남,59세,중상,보행자,남,59세,경상
2018040700100036,2018년 4월 7일 01시,토요일,경상북도 경산시 옥산동,경상사고,0,0,1,0,차대사람 - 차도통행중,안전운전불이행,포장 - 건조,맑음,교차로 - 교차로안,화물,남,22세,상해없음,보행자,남,28세,경상
2018040700100138,2018년 4월 7일 08시,토요일,경상북도 성주군 성주읍,경상사고,0,0,1,0,차대사람 - 기타,안전운전불이행,포장 - 건조,맑음,단일로 - 기타,화물,남,66세,상해없음,보행자,여,74세,경상
2018040700100325,2018년 4월 7일 14시,토요일,경상북도 안동시 태화동,중상사고,0,1,0,0,차대사람 - 횡단중,안전운전불이행,포장 - 건조,맑음,단일로 - 기타,승용,여,27세,상해없음,보행자,여,78세,중상
2018040700100326,2018년 4월 7일 14시,토요일,경상북도 청도군 청도읍,부상신고사고,0,0,0,1,차대사람 - 횡단중,안전운전불이행,포장 - 건조,맑음,교차로 - 교차로안,기타불명,기타불명,미분류,기타불명,보행자,남,9세,부상신고
2018040700100511,2018년 4월 7일 18시,토요일,경상북도 포항시 북구 죽도동,경상사고,0,0,1,0,차대사람 - 횡단중,보행자보호의무위반,포장 - 건조,맑음,교차로 - 교차로횡단보도내,승용,여,68세,상해없음,보행자,여,17세,경상
2018040700100581,2018년 4월 7일 20시,토요일,경상북도 안동시 옥동,경상사고,0,0,1,0,차대사람 - 길가장자리구역통행중,안전운전불이행,포장 - 건조,맑음,단일로 - 기타,승용,남,22세,상해없음,보행자,남,24세,경상
2018040700100611,2018년 4월 7일 21시,토요일,경상북도 구미시 남통동,중상사고,0,1,0,0,차대사람 - 기타,보행자보호의무위반,포장 - 건조,맑음,교차로 - 교차로횡단보도내,승용,남,56세,상해없음,보행자,남,20세,중상
2018040700100668,2018년 4월 7일 23시,토요일,경상북도 영천시 화북면,사망사고,1,0,0,0,차대사람 - 횡단중,안전운전불이행,포장 - 건조,맑음,단일로 - 기타,승합,남,36세,상해없음,보행자,남,66세,사망
2018040800100277,2018년 4월 8일 15시,일요일,경상북도 포항시 북구 창포동,경상사고,0,0,1,0,차대사람 - 횡단중,안전운전불이행,포장 - 건조,맑음,단일로 - 기타,승용,남,67세,상해없음,보행자,남,47세,경상
2018040800100314,2018년 4월 8일 16시,일요일,경상북도 김천시 대항면,중상사고,0,1,0,0,차대사람 - 기타,안전운전불이행,포장 - 건조,맑음,기타 - 기타,승용,남,42세,상해없음,보행자,여,34세,중상
2018040800100482,2018년 4월 8일 22시,일요일,경상북도 구미시 진평동,경상사고,0,0,1,0,차대사람 - 길가장자리구역통행중,안전운전불이행,포장 - 건조,맑음,교차로 - 교차로안,승용,남,64세,상해없음,보행자,남,24세,경상
2018040900100300,2018년 4월 9일 13시,월요일,경상북도 영덕군 영덕읍,경상사고,0,0,2,0,차대사람 - 횡단중,안전운전불이행,포장 - 건조,맑음,단일로 - 기타,승용,여,26세,상해없음,보행자,여,7세,경상
2018040900100409,2018년 4월 9일 16시,월요일,경상북도 구미시 원평동,중상사고,0,1,0,0,차대사람 - 기타,안전운전불이행,포장 - 건조,맑음,단일로 - 기타,화물,남,42세,상해없음,보행자,여,67세,중상
2018040900100499,2018년 4월 9일 18시,월요일,경상북도 봉화군 소천면,중상사고,0,1,0,0,차대사람 - 기타,안전운전불이행,포장 - 건조,맑음,단일로 - 기타,화물,남,27세,상해없음,보행자,여,75세,중상
2018040900100500,2018년 4월 9일 18시,월요일,경상북도 포항시 남구 효자동,경상사고,0,0,1,0,차대사람 - 길가장자리구역통행중,안전운전불이행,포장 - 건조,맑음,교차로 - 교차로안,승용,여,44세,상해없음,보행자,남,11세,경상
2018040900100542,2018년 4월 9일 19시,월요일,경상북도 경산시 자인면,부상신고사고,0,0,0,1,차대사람 - 차도통행중,안전운전불이행,포장 - 건조,맑음,단일로 - 기타,기타불명,기타불명,미분류,기타불명,보행자,남,47세,부상신고
2018040900100616,2018년 4월 9일 21시,월요일,경상북도 포항시 남구 해도동,경상사고,0,0,1,0,차대사람 - 길가장자리구역통행중,안전운전불이행,포장 - 건조,맑음,교차로 - 교차로안,승용,여,28세,상해없음,보행자,남,46세,경상
2018041000100231,2018년 4월 10일 11시,화요일,경상북도 김천시 황금동,경상사고,0,0,1,0,차대사람 - 차도통행중,안전운전불이행,포장 - 건조,맑음,단일로 - 기타,승용,남,65세,상해없음,보행자,여,82세,경상
2018041000100289,2018년 4월 10일 13시,화요일,경상북도 청도군 금천면,중상사고,0,1,0,0,차대사람 - 차도통행중,안전운전불이행,포장 - 건조,맑음,기타 - 기타,건설기계,남,55세,상해없음,보행자,남,82세,중상
2018041000100290,2018년 4월 10일 13시,화요일,경상북도 구미시 인의동,경상사고,0,0,1,0,차대사람 - 기타,안전운전불이행,포장 - 건조,맑음,단일로 - 기타,화물,남,24세,상해없음,보행자,여,22세,경상
2018041000100420,2018년 4월 10일 17시,화요일,경상북도 경산시 옥산동,경상사고,0,0,1,0,차대사람 - 기타,안전운전불이행,포장 - 건조,맑음,단일로 - 기타,화물,남,46세,상해없음,보행자,남,31세,경상
2018041000100421,2018년 4월 10일 17시,화요일,경상북도 경산시 진량읍,중상사고,0,1,0,0,차대사람 - 길가장자리구역통행중,안전운전불이행,포장 - 건조,맑음,단일로 - 기타,승용,남,60세,상해없음,보행자,여,80세,중상
2018041000100653,2018년 4월 10일 23시,화요일,경상북도 포항시 북구 두호동,경상사고,0,0,1,0,차대사람 - 기타,안전운전불이행,포장 - 건조,맑음,단일로 - 기타,기타불명,기타불명,미분류,기타불명,보행자,남,36세,경상
2018041000100654,2018년 4월 10일 23시,화요일,경상북도 경산시 옥산동,경상사고,0,0,1,0,차대사람 - 횡단중,보행자보호의무위반,포장 - 건조,맑음,교차로 - 교차로안,승용,남,49세,상해없음,보행자,남,57세,경상
2018041100100298,2018년 4월 11일 14시,수요일,경상북도 안동시 용상동,중상사고,0,1,0,0,차대사람 - 횡단중,보행자보호의무위반,포장 - 건조,맑음,단일로 - 기타,승용,여,35세,상해없음,보행자,여,10세,중상
2018041100100425,2018년 4월 11일 17시,수요일,경상북도 경주시 안강읍,중상사고,0,1,0,0,차대사람 - 횡단중,안전운전불이행,포장 - 건조,맑음,단일로 - 기타,승용,여,52세,상해없음,보행자,여,8세,중상
2018041100100478,2018년 4월 11일 18시,수요일,경상북도 경산시 진량읍,경상사고,0,0,1,0,차대사람 - 기타,안전운전불이행,포장 - 건조,맑음,단일로 - 기타,기타불명,기타불명,미분류,기타불명,보행자,여,60세,경상
2018041100100544,2018년 4월 11일 20시,수요일,경상북도 구미시 상모동,중상사고,0,1,0,0,차대사람 - 횡단중,안전운전불이행,포장 - 건조,맑음,단일로 - 기타,승용,남,36세,상해없음,보행자,여,19세,중상
2018041100100593,2018년 4월 11일 22시,수요일,경상북도 구미시 공단동,중상사고,0,1,0,0,차대사람 - 횡단중,안전운전불이행,포장 - 건조,맑음,단일로 - 기타,승용,남,52세,상해없음,보행자,남,49세,중상
2018041200100253,2018년 4월 12일 12시,목요일,경상북도 경산시 옥산동,경상사고,0,0,1,0,차대사람 - 횡단중,안전운전불이행,포장 - 건조,맑음,단일로 - 기타,승용,남,32세,상해없음,보행자,여,55세,경상
2018041200100563,2018년 4월 12일 20시,목요일,경상북도 영주시 휴천동,경상사고,0,0,2,0,차대사람 - 횡단중,보행자보호의무위반,포장 - 건조,맑음,교차로 - 교차로횡단보도내,승용,남,23세,상해없음,보행자,여,63세,경상
2018041200100564,2018년 4월 12일 20시,목요일,경상북도 영천시 창구동,경상사고,0,0,1,0,차대사람 - 횡단중,안전운전불이행,포장 - 건조,맑음,단일로 - 기타,승용,여,28세,상해없음,보행자,여,68세,경상
2018041300100048,2018년 4월 13일 04시,금요일,경상북도 포항시 남구 상도동,경상사고,0,0,1,0,차대사람 - 차도통행중,안전운전불이행,포장 - 건조,맑음,단일로 - 기타,승용,남,46세,상해없음,보행자,남,37세,경상
2018041300100179,2018년 4월 13일 09시,금요일,경상북도 영천시 문외동,중상사고,0,1,0,0,차대사람 - 보도통행중,과속,포장 - 건조,맑음,교차로 - 교차로부근,승용,남,26세,상해없음,보행자,남,71세,중상
2018041300100286,2018년 4월 13일 13시,금요일,경상북도 안동시 천리동,중상사고,0,1,0,0,차대사람 - 기타,안전운전불이행,포장 - 건조,맑음,단일로 - 기타,승용,남,61세,상해없음,보행자,남,71세,중상
2018041300100589,2018년 4월 13일 21시,금요일,경상북도 경주시 동천동,중상사고,0,1,0,0,차대사람 - 기타,안전운전불이행,포장 - 건조,맑음,단일로 - 기타,승용,남,52세,상해없음,보행자,남,58세,중상
2018041300100590,2018년 4월 13일 21시,금요일,경상북도 김천시 부곡동,경상사고,0,0,1,0,차대사람 - 길가장자리구역통행중,안전운전불이행,포장 - 건조,맑음,단일로 - 기타,승용,남,32세,상해없음,보행자,남,24세,경상
2018041300100653,2018년 4월 13일 23시,금요일,경상북도 경주시 용강동,경상사고,0,0,1,0,차대사람 - 횡단중,보행자보호의무위반,포장 - 건조,맑음,단일로 - 기타,화물,남,60세,상해없음,보행자,여,57세,경상
2018041400100403,2018년 4월 14일 16시,토요일,경상북도 포항시 북구 대신동,경상사고,0,0,1,0,차대사람 - 기타,중앙선침범,포장 - 건조,맑음,단일로 - 기타,승용,남,73세,상해없음,보행자,여,22세,경상
2018041400100550,2018년 4월 14일 22시,토요일,경상북도 경주시 석장동,중상사고,0,2,0,0,차대사람 - 횡단중,보행자보호의무위반,포장 - 건조,맑음,교차로 - 교차로부근,승용,남,21세,상해없음,보행자,남,54세,중상
2018041500100026,2018년 4월 15일 01시,일요일,경상북도 칠곡군 석적읍,중상사고,0,1,1,0,차대사람 - 보도통행중,안전운전불이행,포장 - 건조,맑음,단일로 - 기타,승용,남,27세,상해없음,보행자,남,48세,중상
2018041500100067,2018년 4월 15일 05시,일요일,경상북도 경산시 임당동,경상사고,0,0,1,0,차대사람 - 길가장자리구역통행중,안전운전불이행,포장 - 건조,맑음,단일로 - 기타,승용,남,27세,상해없음,보행자,남,23세,경상
2018041500100156,2018년 4월 15일 11시,일요일,경상북도 경산시 압량면,중상사고,0,1,0,0,차대사람 - 기타,신호위반,포장 - 건조,맑음,교차로 - 교차로안,승용,남,67세,상해없음,보행자,여,6세,중상
2018041500100276,2018년 4월 15일 15시,일요일,경상북도 경주시 황남동,경상사고,0,0,1,0,차대사람 - 차도통행중,안전운전불이행,포장 - 건조,맑음,단일로 - 기타,승용,여,22세,상해없음,보행자,여,21세,경상
2018041500100277,2018년 4월 15일 15시,일요일,경상북도 경주시 황성동,중상사고,0,1,0,0,차대사람 - 차도통행중,안전운전불이행,포장 - 건조,맑음,단일로 - 기타,승용,남,46세,상해없음,보행자,여,16세,중상
2018041600100176,2018년 4월 16일 09시,월요일,경상북도 안동시 태화동,경상사고,0,0,1,0,차대사람 - 보도통행중,보행자보호의무위반,포장 - 건조,맑음,교차로 - 교차로안,화물,남,44세,상해없음,보행자,남,40세,경상
2018041600100228,2018년 4월 16일 11시,월요일,경상북도 포항시 남구 구룡포읍,중상사고,0,1,0,0,차대사람 - 차도통행중,안전운전불이행,포장 - 건조,맑음,단일로 - 기타,승용,남,66세,상해없음,보행자,남,82세,중상
2018041600100354,2018년 4월 16일 15시,월요일,경상북도 경산시 용성면,중상사고,0,2,0,0,차대사람 - 길가장자리구역통행중,안전운전불이행,포장 - 건조,맑음,단일로 - 기타,승용,남,71세,상해없음,보행자,여,57세,중상
2018041600100429,2018년 4월 16일 17시,월요일,경상북도 경주시 황성동,중상사고,0,1,0,0,차대사람 - 차도통행중,안전운전불이행,포장 - 건조,맑음,교차로 - 교차로안,승용,남,64세,상해없음,보행자,남,13세,중상
2018041600100592,2018년 4월 16일 22시,월요일,경상북도 포항시 남구 동해면,경상사고,0,0,1,0,차대사람 - 기타,안전운전불이행,포장 - 건조,맑음,단일로 - 기타,기타불명,기타불명,미분류,기타불명,보행자,남,14세,경상
2018041700100007,2018년 4월 17일 00시,화요일,경상북도 칠곡군 석적읍,경상사고,0,0,1,0,차대사람 - 횡단중,안전운전불이행,포장 - 건조,흐림,단일로 - 기타,이륜,남,37세,상해없음,보행자,남,53세,경상
2018041700100085,2018년 4월 17일 07시,화요일,경상북도 포항시 남구 상도동,중상사고,0,1,0,0,차대사람 - 횡단중,안전운전불이행,포장 - 젖음/습기,비,교차로 - 교차로안,승용,여,59세,상해없음,보행자,여,73세,중상
2018041700100120,2018년 4월 17일 08시,화요일,경상북도 경산시 진량읍,경상사고,0,0,1,0,차대사람 - 횡단중,신호위반,포장 - 건조,맑음,단일로 - 기타,승용,남,76세,상해없음,보행자,남,7세,경상
2018041700100312,2018년 4월 17일 14시,화요일,경상북도 구미시 원평동,경상사고,0,0,1,0,차대사람 - 보도통행중,기타,포장 - 건조,맑음,교차로 - 교차로부근,자전거,남,48세,상해없음,보행자,남,32세,경상
2018041700100313,2018년 4월 17일 14시,화요일,경상북도 포항시 남구 해도동,경상사고,0,0,1,0,차대사람 - 차도통행중,안전운전불이행,포장 - 건조,맑음,교차로 - 교차로안,화물,남,48세,상해없음,보행자,여,65세,경상
2018041700100345,2018년 4월 17일 15시,화요일,경상북도 경주시 용강동,중상사고,0,1,0,0,차대사람 - 횡단중,안전운전불이행,포장 - 건조,맑음,교차로 - 교차로부근,승합,남,46세,상해없음,보행자,남,11세,중상
2018041700100349,2018년 4월 17일 15시,화요일,경상북도 의성군 의성읍,경상사고,0,0,2,0,차대사람 - 횡단중,안전운전불이행,포장 - 건조,맑음,단일로 - 기타,승용,남,83세,상해없음,보행자,남,9세,경상
2018041700100469,2018년 4월 17일 18시,화요일,경상북도 칠곡군 왜관읍,경상사고,0,0,1,0,차대사람 - 보도통행중,안전운전불이행,포장 - 건조,맑음,단일로 - 기타,승용,여,63세,상해없음,보행자,여,49세,경상
2018041700100500,2018년 4월 17일 19시,화요일,경상북도 안동시 옥동,중상사고,0,1,0,0,차대사람 - 횡단중,보행자보호의무위반,포장 - 건조,맑음,교차로 - 교차로부근,승용,남,30세,상해없음,보행자,여,33세,중상
2018041800100088,2018년 4월 18일 07시,수요일,경상북도 예천군 예천읍,경상사고,0,0,1,0,차대사람 - 기타,안전운전불이행,포장 - 건조,맑음,단일로 - 기타,승용,남,68세,기타불명,보행자,남,57세,경상
2018041800100253,2018년 4월 18일 12시,수요일,경상북도 포항시 북구 두호동,경상사고,0,0,1,0,차대사람 - 횡단중,안전운전불이행,포장 - 건조,맑음,기타 - 기타,승용,여,63세,상해없음,보행자,남,74세,경상
2018041800100505,2018년 4월 18일 19시,수요일,경상북도 포항시 북구 우현동,중상사고,0,1,0,0,차대사람 - 횡단중,보행자보호의무위반,포장 - 건조,맑음,교차로 - 교차로횡단보도내,승용,남,60세,상해없음,보행자,여,57세,중상
2018041900100133,2018년 4월 19일 08시,목요일,경상북도 경주시 석장동,중상사고,0,1,0,0,차대사람 - 횡단중,안전운전불이행,포장 - 건조,맑음,단일로 - 기타,승용,여,57세,상해없음,보행자,여,21세,중상
2018041900100134,2018년 4월 19일 08시,목요일,경상북도 구미시 원평동,중상사고,0,1,0,0,차대사람 - 횡단중,보행자보호의무위반,포장 - 건조,맑음,교차로 - 교차로부근,승용,여,50세,기타불명,보행자,여,80세,중상
2018041900100184,2018년 4월 19일 10시,목요일,경상북도 상주시 서성동,중상사고,0,1,0,0,차대사람 - 횡단중,보행자보호의무위반,포장 - 건조,맑음,교차로 - 교차로횡단보도내,승용,여,68세,상해없음,보행자,남,63세,중상
2018041900100218,2018년 4월 19일 11시,목요일,경상북도 구미시 원평동,중상사고,0,1,0,0,차대사람 - 기타,보행자보호의무위반,포장 - 건조,맑음,교차로 - 교차로횡단보도내,승용,여,45세,상해없음,보행자,여,65세,중상
2018041900100219,2018년 4월 19일 11시,목요일,경상북도 포항시 남구 구룡포읍,중상사고,0,1,0,0,차대사람 - 길가장자리구역통행중,안전운전불이행,포장 - 건조,맑음,단일로 - 기타,승용,남,50세,상해없음,보행자,여,60세,중상
2018041900100309,2018년 4월 19일 14시,목요일,경상북도 의성군 안계면,중상사고,0,1,0,0,차대사람 - 기타,안전운전불이행,포장 - 건조,맑음,단일로 - 기타,승용,여,68세,상해없음,보행자,남,75세,중상
2018041900100472,2018년 4월 19일 18시,목요일,경상북도 경주시 강동면,경상사고,0,0,1,0,차대사람 - 횡단중,중앙선침범,포장 - 건조,맑음,교차로 - 교차로부근,화물,여,61세,상해없음,보행자,여,81세,경상
2018041900100475,2018년 4월 19일 18시,목요일,경상북도 영천시 문외동,경상사고,0,0,1,0,차대사람 - 보도통행중,안전운전불이행,포장 - 건조,맑음,단일로 - 기타,화물,여,38세,상해없음,보행자,여,76세,경상
2018041900100476,2018년 4월 19일 18시,목요일,경상북도 구미시 선산읍,중상사고,0,1,0,0,차대사람 - 횡단중,안전운전불이행,포장 - 건조,맑음,단일로 - 기타,이륜,남,43세,상해없음,보행자,남,14세,중상
2018041900100512,2018년 4월 19일 19시,목요일,경상북도 경주시 황성동,경상사고,0,0,1,0,차대사람 - 길가장자리구역통행중,안전운전불이행,포장 - 건조,맑음,교차로 - 교차로부근,승용,여,38세,상해없음,보행자,여,11세,경상
2018041900100513,2018년 4월 19일 19시,목요일,경상북도 영덕군 영덕읍,중상사고,0,1,0,0,차대사람 - 차도통행중,안전운전불이행,포장 - 건조,맑음,단일로 - 기타,승용,남,56세,상해없음,보행자,여,82세,중상
2018041900100539,2018년 4월 19일 20시,목요일,경상북도 상주시 무양동,중상사고,0,1,0,0,차대사람 - 횡단중,안전운전불이행,포장 - 건조,맑음,단일로 - 기타,승용,여,36세,상해없음,보행자,여,76세,중상