사고번호,사고일시,요일,시군구,사고내용,사망자수,중상자수,경상자수,부상신고자수,사고유형,법규위반,노면상태,기상상태,도로형태,가해운전자 차종,가해운전자 성별,가해운전자 연령,가해운전자 상해정도,피해운전자 차종,피해운전자 성별,피해운전자 연령,피해운전자 상해정도
2018070500100558,2018년 7월 5일 21시,목요일,경상북도 김천시 부곡동,부상신고사고,0,0,0,2,차대사람 - 차도통행중,안전운전불이행,포장 - 건조,맑음,교차로 - 교차로안,승용,여,38세,상해없음,보행자,남,37세,부상신고
2018070500100559,2018년 7월 5일 21시,목요일,경상북도 경산시 옥산동,경상사고,0,0,1,0,차대사람 - 기타,보행자보호의무위반,포장 - 건조,맑음,교차로 - 교차로횡단보도내,승용,여,35세,상해없음,보행자,여,47세,경상
2018070500100590,2018년 7월 5일 22시,목요일,경상북도 포항시 남구 오천읍,중상사고,0,1,0,0,차대사람 - 차도통행중,안전운전불이행,포장 - 젖음/습기,비,교차로 - 교차로부근,승용,여,43세,상해없음,보행자,남,66세,중상
2018070600100038,2018년 7월 6일 02시,금요일,경상북도 영주시 영주동,경상사고,0,0,1,0,차대사람 - 횡단중,안전운전불이행,포장 - 건조,맑음,단일로 - 기타,승용,남,56세,상해없음,보행자,남,50세,경상
2018070600100171,2018년 7월 6일 10시,금요일,경상북도 구미시 고아읍,중상사고,0,1,0,0,차대사람 - 기타,안전운전불이행,포장 - 건조,맑음,단일로 - 기타,승용,여,43세,상해없음,보행자,남,61세,중상
2018070600100200,2018년 7월 6일 11시,금요일,경상북도 구미시 상모동,중상사고,0,1,0,0,차대사람 - 횡단중,안전운전불이행,포장 - 건조,맑음,교차로 - 교차로안,승용,여,37세,상해없음,보행자,여,75세,중상
2018070600100361,2018년 7월 6일 16시,금요일,경상북도 김천시 지좌동,중상사고,0,1,0,0,차대사람 - 횡단중,안전운전불이행,포장 - 건조,맑음,단일로 - 기타,화물,여,59세,상해없음,보행자,남,10세,중상
2018070600100494,2018년 7월 6일 19시,금요일,경상북도 경주시 신평동,중상사고,0,1,0,0,차대사람 - 횡단중,보행자보호의무위반,포장 - 젖음/습기,비,단일로 - 기타,승용,남,27세,상해없음,보행자,여,20세,중상
2018070600100523,2018년 7월 6일 20시,금요일,경상북도 영천시 완산동,경상사고,0,0,1,0,차대사람 - 횡단중,보행자보호의무위반,포장 - 건조,맑음,교차로 - 교차로횡단보도내,승용,남,62세,상해없음,보행자,여,72세,경상
2018070700100141,2018년 7월 7일 08시,토요일,경상북도 안동시 평화동,경상사고,0,0,1,0,차대사람 - 횡단중,안전운전불이행,포장 - 건조,맑음,교차로 - 교차로부근,승용,여,69세,상해없음,보행자,여,86세,경상
2018070700100200,2018년 7월 7일 10시,토요일,경상북도 칠곡군 왜관읍,중상사고,0,1,0,0,차대사람 - 횡단중,안전운전불이행,포장 - 건조,맑음,단일로 - 기타,승용,남,58세,상해없음,보행자,남,62세,중상
2018070700100225,2018년 7월 7일 11시,토요일,경상북도 구미시 황상동,중상사고,0,1,1,0,차대사람 - 횡단중,신호위반,포장 - 건조,맑음,교차로 - 교차로횡단보도내,화물,남,38세,상해없음,보행자,여,8세,중상
2018070700100442,2018년 7월 7일 17시,토요일,경상북도 영주시 영주동,경상사고,0,0,1,0,차대사람 - 횡단중,보행자보호의무위반,포장 - 건조,맑음,단일로 - 기타,화물,남,39세,상해없음,보행자,여,6세,경상
2018070700100487,2018년 7월 7일 18시,토요일,경상북도 경주시 안강읍,경상사고,0,0,1,0,차대사람 - 길가장자리구역통행중,안전운전불이행,포장 - 건조,맑음,교차로 - 교차로안,화물,남,65세,상해없음,보행자,여,73세,경상
2018070700100561,2018년 7월 7일 20시,토요일,경상북도 칠곡군 왜관읍,경상사고,0,0,1,0,차대사람 - 횡단중,보행자보호의무위반,포장 - 건조,맑음,교차로 - 교차로안,화물,남,56세,상해없음,보행자,남,63세,경상
2018070700100615,2018년 7월 7일 22시,토요일,경상북도 포항시 북구 흥해읍,중상사고,0,1,0,0,차대사람 - 기타,안전운전불이행,포장 - 건조,맑음,단일로 - 기타,승용,남,54세,상해없음,보행자,남,60세,중상
2018070800100127,2018년 7월 8일 11시,일요일,경상북도 경산시 백천동,중상사고,0,1,0,0,차대사람 - 횡단중,안전운전불이행,포장 - 건조,맑음,단일로 - 기타,승용,남,50세,상해없음,보행자,여,14세,중상
2018070800100342,2018년 7월 8일 18시,일요일,경상북도 안동시 남문동,경상사고,0,0,1,0,차대사람 - 차도통행중,안전운전불이행,포장 - 건조,맑음,단일로 - 기타,승용,남,45세,상해없음,보행자,남,39세,경상
2018070800100373,2018년 7월 8일 19시,일요일,경상북도 포항시 북구 항구동,경상사고,0,0,1,0,차대사람 - 횡단중,안전운전불이행,포장 - 건조,맑음,단일로 - 기타,승용,여,36세,상해없음,보행자,남,7세,경상
2018070900100007,2018년 7월 9일 00시,월요일,경상북도 구미시 원평동,중상사고,0,1,0,0,차대사람 - 횡단중,안전운전불이행,포장 - 건조,흐림,단일로 - 기타,승용,남,22세,상해없음,보행자,남,59세,중상
2018070900100307,2018년 7월 9일 16시,월요일,경상북도 경주시 용강동,경상사고,0,0,1,0,차대사람 - 횡단중,보행자보호의무위반,포장 - 젖음/습기,비,단일로 - 기타,승용,여,27세,상해없음,보행자,여,8세,경상
2018070900100489,2018년 7월 9일 21시,월요일,경상북도 경산시 하양읍,경상사고,0,0,1,0,차대사람 - 횡단중,교차로운행방법위반,포장 - 젖음/습기,맑음,교차로 - 교차로안,승용,남,36세,상해없음,보행자,남,56세,경상
2018071000100077,2018년 7월 10일 06시,화요일,경상북도 경주시 교동,중상사고,0,1,0,0,차대사람 - 횡단중,중앙선침범,포장 - 건조,맑음,교차로 - 교차로부근,승용,여,48세,상해없음,보행자,여,63세,중상
2018071000100147,2018년 7월 10일 09시,화요일,경상북도 칠곡군 왜관읍,중상사고,0,1,0,0,차대사람 - 횡단중,안전운전불이행,포장 - 건조,맑음,교차로 - 교차로안,승용,남,40세,상해없음,보행자,여,82세,중상
2018071000100330,2018년 7월 10일 15시,화요일,경상북도 구미시 도량동,경상사고,0,0,1,0,차대사람 - 횡단중,안전운전불이행,포장 - 건조,맑음,단일로 - 기타,승용,남,51세,상해없음,보행자,여,6세,경상
2018071000100571,2018년 7월 10일 22시,화요일,경상북도 경산시 사동,경상사고,0,0,1,0,차대사람 - 기타,안전운전불이행,포장 - 건조,맑음,단일로 - 기타,승용,여,44세,상해없음,보행자,남,64세,경상
2018071100100119,2018년 7월 11일 08시,수요일,경상북도 봉화군 봉화읍,경상사고,0,0,1,0,차대사람 - 기타,안전운전불이행,포장 - 건조,맑음,단일로 - 기타,승용,여,50세,상해없음,보행자,여,75세,경상
2018071100100423,2018년 7월 11일 17시,수요일,경상북도 칠곡군 북삼읍,부상신고사고,0,0,0,1,차대사람 - 기타,안전운전불이행,포장 - 건조,맑음,단일로 - 기타,승용,여,37세,상해없음,보행자,남,56세,부상신고
2018071200100022,2018년 7월 12일 00시,목요일,경상북도 포항시 남구 오천읍,사망사고,1,0,0,0,차대사람 - 차도통행중,안전운전불이행,포장 - 건조,맑음,단일로 - 기타,승용,남,30세,상해없음,보행자,남,52세,사망
2018071200100161,2018년 7월 12일 09시,목요일,경상북도 칠곡군 석적읍,중상사고,0,1,0,0,차대사람 - 횡단중,보행자보호의무위반,포장 - 건조,맑음,교차로 - 교차로횡단보도내,승용,여,39세,상해없음,보행자,여,64세,중상
2018071200100560,2018년 7월 12일 21시,목요일,경상북도 포항시 북구 창포동,경상사고,0,0,1,0,차대사람 - 길가장자리구역통행중,안전운전불이행,포장 - 건조,맑음,단일로 - 기타,승용,남,67세,상해없음,보행자,여,56세,경상
2018071300100008,2018년 7월 13일 00시,금요일,경상북도 예천군 예천읍,중상사고,0,1,0,0,차대사람 - 차도통행중,안전운전불이행,포장 - 건조,맑음,교차로 - 교차로안,승용,여,50세,상해없음,보행자,남,48세,중상
2018071300100561,2018년 7월 13일 20시,금요일,경상북도 영천시 고경면,경상사고,0,0,1,0,차대사람 - 차도통행중,안전운전불이행,포장 - 건조,맑음,단일로 - 기타,승용,남,44세,상해없음,보행자,남,73세,경상
2018071400100253,2018년 7월 14일 12시,토요일,경상북도 경주시 천군동,경상사고,0,0,1,0,차대사람 - 차도통행중,안전운전불이행,포장 - 건조,맑음,단일로 - 기타,승용,남,31세,상해없음,보행자,여,38세,경상
2018071400100255,2018년 7월 14일 12시,토요일,경상북도 구미시 사곡동,경상사고,0,0,1,0,차대사람 - 기타,안전운전불이행,포장 - 건조,맑음,교차로 - 교차로안,승용,남,60세,상해없음,보행자,남,43세,경상
2018071400100560,2018년 7월 14일 20시,토요일,경상북도 영주시 영주동,경상사고,0,0,1,0,차대사람 - 횡단중,안전운전불이행,포장 - 건조,맑음,교차로 - 교차로횡단보도내,화물,여,65세,상해없음,보행자,여,67세,경상
2018071400100563,2018년 7월 14일 20시,토요일,경상북도 청도군 운문면,중상사고,0,1,0,0,차대사람 - 차도통행중,안전운전불이행,포장 - 건조,맑음,단일로 - 교량,기타불명,기타불명,미분류,기타불명,보행자,여,77세,중상
2018071500100052,2018년 7월 15일 04시,일요일,경상북도 경주시 성동동,경상사고,0,0,1,0,차대사람 - 길가장자리구역통행중,안전운전불이행,포장 - 건조,맑음,단일로 - 기타,승용,여,44세,상해없음,보행자,여,44세,경상
2018071500100132,2018년 7월 15일 10시,일요일,경상북도 경산시 중방동,경상사고,0,0,1,0,차대사람 - 차도통행중,기타,포장 - 건조,맑음,단일로 - 기타,승합,남,60세,상해없음,보행자,남,39세,경상
2018071500100302,2018년 7월 15일 16시,일요일,경상북도 울진군 후포면,중상사고,0,1,0,0,차대사람 - 횡단중,안전운전불이행,포장 - 건조,맑음,교차로 - 교차로안,승용,여,57세,상해없음,보행자,남,7세,중상
2018071600100125,2018년 7월 16일 08시,월요일,경상북도 포항시 남구 대도동,경상사고,0,0,1,0,차대사람 - 길가장자리구역통행중,안전운전불이행,포장 - 건조,맑음,단일로 - 기타,승용,여,41세,상해없음,보행자,남,9세,경상
2018071600100162,2018년 7월 16일 09시,월요일,경상북도 의성군 안계면,경상사고,0,0,1,0,차대사람 - 차도통행중,안전운전불이행,포장 - 건조,맑음,단일로 - 기타,화물,남,76세,상해없음,보행자,여,77세,경상
2018071600100400,2018년 7월 16일 16시,월요일,경상북도 성주군 성주읍,경상사고,0,0,1,0,차대사람 - 기타,안전운전불이행,포장 - 건조,맑음,단일로 - 기타,화물,남,62세,상해없음,보행자,여,75세,경상
2018071600100401,2018년 7월 16일 16시,월요일,경상북도 구미시 공단동,중상사고,0,1,0,0,차대사람 - 횡단중,보행자보호의무위반,포장 - 건조,맑음,교차로 - 교차로부근,승용,남,54세,상해없음,보행자,여,81세,중상
2018071600100449,2018년 7월 16일 17시,월요일,경상북도 영양군 수비면,경상사고,0,0,1,0,차대사람 - 길가장자리구역통행중,안전운전불이행,포장 - 건조,맑음,교차로 - 교차로부근,농기계,남,77세,상해없음,보행자,여,18세,경상
2018071600100545,2018년 7월 16일 19시,월요일,경상북도 칠곡군 석적읍,부상신고사고,0,0,0,1,차대사람 - 차도통행중,안전운전불이행,포장 - 건조,맑음,단일로 - 기타,승용,남,58세,상해없음,보행자,여,39세,부상신고
2018071600100571,2018년 7월 16일 20시,월요일,경상북도 포항시 북구 흥해읍,중상사고,0,1,0,0,차대사람 - 횡단중,안전운전불이행,포장 - 건조,맑음,단일로 - 기타,승용,남,66세,상해없음,보행자,여,74세,중상
2018071600100619,2018년 7월 16일 22시,월요일,경상북도 성주군 초전면,경상사고,0,0,1,0,차대사람 - 기타,안전운전불이행,포장 - 건조,맑음,단일로 - 기타,승용,남,21세,상해없음,보행자,여,87세,경상
2018071700100137,2018년 7월 17일 08시,화요일,경상북도 청도군 매전면,사망사고,1,0,0,0,차대사람 - 길가장자리구역통행중,중앙선침범,포장 - 건조,맑음,기타 - 기타,승용,여,48세,상해없음,보행자,여,78세,사망
2018071700100351,2018년 7월 17일 14시,화요일,경상북도 구미시 황상동,경상사고,0,0,1,0,차대사람 - 기타,안전운전불이행,포장 - 건조,맑음,단일로 - 기타,승용,남,59세,상해없음,보행자,남,36세,경상
2018071700100396,2018년 7월 17일 15시,화요일,경상북도 포항시 북구 죽도동,경상사고,0,0,1,0,차대사람 - 횡단중,보행자보호의무위반,포장 - 건조,맑음,교차로 - 교차로횡단보도내,이륜,남,73세,상해없음,보행자,남,12세,경상
2018071700100537,2018년 7월 17일 18시,화요일,경상북도 영양군 영양읍,경상사고,0,0,1,0,차대사람 - 횡단중,안전운전불이행,포장 - 건조,맑음,교차로 - 교차로안,승용,여,66세,상해없음,보행자,남,87세,경상
2018071700100667,2018년 7월 17일 22시,화요일,경상북도 구미시 상모동,경상사고,0,0,1,0,차대사람 - 기타,안전운전불이행,포장 - 건조,맑음,교차로 - 교차로부근,승용,남,58세,상해없음,보행자,남,51세,경상
2018071800100064,2018년 7월 18일 06시,수요일,경상북도 문경시 가은읍,경상사고,0,0,1,0,차대사람 - 횡단중,보행자보호의무위반,포장 - 건조,맑음,교차로 - 교차로부근,화물,남,61세,상해없음,보행자,여,51세,경상
2018071800100561,2018년 7월 18일 20시,수요일,경상북도 경주시 성건동,경상사고,0,0,1,0,차대사람 - 길가장자리구역통행중,안전운전불이행,포장 - 건조,맑음,단일로 - 기타,승용,남,37세,상해없음,보행자,남,25세,경상
2018071800100593,2018년 7월 18일 21시,수요일,경상북도 경주시 동천동,중상사고,0,1,0,0,차대사람 - 길가장자리구역통행중,안전운전불이행,포장 - 건조,맑음,단일로 - 기타,승용,남,31세,상해없음,보행자,남,41세,중상
2018071900100046,2018년 7월 19일 04시,목요일,경상북도 영천시 망정동,중상사고,0,1,0,0,차대사람 - 횡단중,중앙선침범,포장 - 건조,맑음,단일로 - 기타,승용,남,43세,상해없음,보행자,여,77세,중상
2018071900100552,2018년 7월 19일 18시,목요일,경상북도 청송군 안덕면,중상사고,0,1,0,0,차대사람 - 차도통행중,기타,포장 - 건조,맑음,교차로 - 교차로안,화물,남,66세,상해없음,보행자,여,80세,중상
2018071900100594,2018년 7월 19일 19시,목요일,경상북도 봉화군 춘양면,중상사고,0,1,0,0,차대사람 - 횡단중,안전운전불이행,포장 - 건조,맑음,교차로 - 교차로안,승용,남,57세,상해없음,보행자,여,62세,중상
2018071900100595,2018년 7월 19일 19시,목요일,경상북도 구미시 옥계동,경상사고,0,0,1,0,차대사람 - 기타,보행자보호의무위반,포장 - 건조,맑음,교차로 - 교차로부근,승용,여,56세,상해없음,보행자,여,23세,경상
2018071900100626,2018년 7월 19일 20시,목요일,경상북도 구미시 도개면,사망사고,1,0,0,0,차대사람 - 기타,안전운전불이행,포장 - 건조,맑음,단일로 - 기타,화물,남,73세,상해없음,보행자,여,81세,사망
2018071900100658,2018년 7월 19일 21시,목요일,경상북도 포항시 북구 두호동,경상사고,0,0,1,0,차대사람 - 횡단중,안전운전불이행,포장 - 건조,맑음,교차로 - 교차로안,승용,남,62세,상해없음,보행자,여,62세,경상
2018071900100659,2018년 7월 19일 21시,목요일,경상북도 상주시 복룡동,중상사고,0,1,0,0,차대사람 - 횡단중,안전운전불이행,포장 - 건조,맑음,교차로 - 교차로안,승용,남,54세,상해없음,보행자,여,79세,중상
2018071900100660,2018년 7월 19일 21시,목요일,경상북도 영덕군 영덕읍,중상사고,0,1,0,0,차대사람 - 횡단중,안전운전불이행,포장 - 건조,맑음,단일로 - 기타,승용,여,49세,상해없음,보행자,남,3세,중상
2018071900100690,2018년 7월 19일 22시,목요일,경상북도 안동시 용상동,중상사고,0,1,0,0,차대사람 - 차도통행중,안전운전불이행,포장 - 건조,맑음,단일로 - 기타,승용,남,51세,상해없음,보행자,남,56세,중상
2018072000100046,2018년 7월 20일 04시,금요일,경상북도 영양군 일월면,중상사고,0,1,0,0,차대사람 - 횡단중,안전운전불이행,포장 - 건조,맑음,교차로 - 교차로부근,승용,여,29세,상해없음,보행자,여,81세,중상
2018072000100140,2018년 7월 20일 08시,금요일,경상북도 경주시 안강읍,중상사고,0,1,0,0,차대사람 - 횡단중,보행자보호의무위반,포장 - 건조,맑음,교차로 - 교차로안,승용,여,61세,상해없음,보행자,여,64세,중상
2018072000100337,2018년 7월 20일 13시,금요일,경상북도 안동시 남문동,중상사고,0,1,0,0,차대사람 - 보도통행중,안전운전불이행,포장 - 건조,맑음,교차로 - 교차로횡단보도내,승용,남,60세,상해없음,보행자,여,8세,중상
2018072000100789,2018년 7월 20일 23시,금요일,경상북도 경산시 사정동,경상사고,0,0,1,0,차대사람 - 기타,안전운전불이행,포장 - 건조,맑음,교차로 - 교차로부근,승용,남,61세,상해없음,보행자,남,20세,경상
2018072000100791,2018년 7월 20일 23시,금요일,경상북도 구미시 상모동,경상사고,0,0,1,0,차대사람 - 기타,안전운전불이행,포장 - 건조,맑음,교차로 - 교차로안,승용,여,37세,상해없음,보행자,남,46세,경상
2018072100100074,2018년 7월 21일 04시,토요일,경상북도 경주시 성동동,중상사고,0,1,0,0,차대사람 - 차도통행중,안전운전불이행,포장 - 건조,맑음,교차로 - 교차로부근,승용,남,37세,상해없음,보행자,남,78세,중상
2018072100100075,2018년 7월 21일 04시,토요일,경상북도 포항시 남구 대도동,경상사고,0,0,1,0,차대사람 - 횡단중,신호위반,포장 - 건조,맑음,교차로 - 교차로안,승용,남,81세,상해없음,보행자,남,40세,경상
2018072100100136,2018년 7월 21일 08시,토요일,경상북도 안동시 태화동,중상사고,0,1,0,0,차대사람 - 횡단중,안전운전불이행,포장 - 건조,맑음,교차로 - 교차로부근,화물,남,66세,상해없음,보행자,여,28세,중상
2018072100100188,2018년 7월 21일 10시,토요일,경상북도 구미시 신평동,중상사고,0,1,0,0,차대사람 - 횡단중,안전운전불이행,포장 - 건조,맑음,단일로 - 기타,승용,남,35세,상해없음,보행자,여,57세,중상
2018072100100301,2018년 7월 21일 13시,토요일,경상북도 칠곡군 왜관읍,사망사고,1,0,0,0,차대사람 - 횡단중,안전운전불이행,포장 - 건조,맑음,교차로 - 교차로안,건설기계,남,48세,상해없음,보행자,여,77세,사망
2018072100100302,2018년 7월 21일 13시,토요일,경상북도 칠곡군 북삼읍,경상사고,0,0,1,0,차대사람 - 보도통행중,기타,포장 - 건조,맑음,단일로 - 기타,승용,여,60세,상해없음,보행자,남,17세,경상
2018072100100303,2018년 7월 21일 13시,토요일,경상북도 성주군 가천면,경상사고,0,0,1,0,차대사람 - 길가장자리구역통행중,안전운전불이행,포장 - 건조,맑음,단일로 - 기타,승용,여,26세,상해없음,보행자,남,57세,경상
2018072100100337,2018년 7월 21일 14시,토요일,경상북도 포항시 북구 신흥동,경상사고,0,0,1,0,차대사람 - 기타,안전운전불이행,포장 - 건조,맑음,단일로 - 기타,승용,남,73세,상해없음,보행자,남,38세,경상
2018072100100340,2018년 7월 21일 14시,토요일,경상북도 구미시 형곡동,중상사고,0,1,0,0,차대사람 - 기타,안전운전불이행,포장 - 건조,맑음,단일로 - 기타,승용,남,55세,상해없음,보행자,여,18세,중상
2018072100100625,2018년 7월 21일 23시,토요일,경상북도 성주군 가천면,중상사고,0,1,0,0,차대사람 - 기타,안전운전불이행,포장 - 건조,맑음,단일로 - 기타,승용,여,63세,상해없음,보행자,남,49세,중상
2018072200100165,2018년 7월 22일 11시,일요일,경상북도 영천시 야사동,경상사고,0,0,1,0,차대사람 - 보도통행중,안전운전불이행,포장 - 건조,맑음,단일로 - 기타,승합,남,48세,상해없음,보행자,여,63세,경상
2018072200100411,2018년 7월 22일 19시,일요일,경상북도 포항시 북구 양덕동,중상사고,0,1,1,0,차대사람 - 횡단중,보행자보호의무위반,포장 - 건조,맑음,교차로 - 교차로안,승용,여,31세,상해없음,보행자,남,54세,중상
2018072200100412,2018년 7월 22일 19시,일요일,경상북도 안동시 임하면,중상사고,0,1,0,0,차대사람 - 횡단중,안전운전불이행,포장 - 건조,맑음,단일로 - 기타,승용,남,71세,상해없음,보행자,남,17세,중상
2018072200100413,2018년 7월 22일 19시,일요일,경상북도 경산시 정평동,중상사고,0,1,0,0,차대사람 - 차도통행중,기타,포장 - 건조,맑음,단일로 - 기타,승용,남,62세,상해없음,보행자,여,66세,중상
2018072200100471,2018년 7월 22일 21시,일요일,경상북도 구미시 임수동,경상사고,0,0,1,0,차대사람 - 기타,안전운전불이행,포장 - 건조,맑음,주차장 - 주차장,승용,남,25세,상해없음,보행자,여,26세,경상
2018072300100354,2018년 7월 23일 15시,월요일,경상북도 울진군 울진읍,중상사고,0,1,0,0,차대사람 - 횡단중,보행자보호의무위반,포장 - 건조,맑음,단일로 - 기타,승용,여,57세,상해없음,보행자,여,10세,중상
2018072400100085,2018년 7월 24일 07시,화요일,경상북도 영주시 휴천동,경상사고,0,0,2,0,차대사람 - 길가장자리구역통행중,안전운전불이행,포장 - 건조,맑음,교차로 - 교차로안,승용,남,36세,경상,보행자,여,38세,경상
2018072400100176,2018년 7월 24일 09시,화요일,경상북도 김천시 용두동,중상사고,0,1,0,0,차대사람 - 차도통행중,안전운전불이행,포장 - 건조,맑음,교차로 - 교차로부근,승용,여,49세,상해없음,보행자,여,81세,중상
2018072400100213,2018년 7월 24일 10시,화요일,경상북도 포항시 북구 신흥동,중상사고,0,1,0,0,차대사람 - 기타,안전운전불이행,포장 - 건조,맑음,단일로 - 기타,승용,여,39세,상해없음,보행자,남,25세,중상
2018072400100310,2018년 7월 24일 13시,화요일,경상북도 김천시 율곡동,중상사고,0,1,0,0,차대사람 - 횡단중,안전운전불이행,포장 - 건조,맑음,교차로 - 교차로안,승용,여,36세,상해없음,보행자,남,68세,중상
2018072400100314,2018년 7월 24일 13시,화요일,경상북도 포항시 남구 송도동,경상사고,0,0,1,0,차대사람 - 횡단중,보행자보호의무위반,포장 - 건조,맑음,교차로 - 교차로횡단보도내,이륜,남,64세,상해없음,보행자,남,7세,경상
2018072400100357,2018년 7월 24일 14시,화요일,경상북도 김천시 봉산면,중상사고,0,1,0,0,차대사람 - 길가장자리구역통행중,안전운전불이행,포장 - 건조,맑음,단일로 - 터널,화물,남,58세,상해없음,보행자,여,63세,중상
2018072400100565,2018년 7월 24일 19시,화요일,경상북도 포항시 북구 두호동,중상사고,0,1,0,0,차대사람 - 길가장자리구역통행중,안전운전불이행,포장 - 건조,맑음,단일로 - 기타,승용,여,34세,상해없음,보행자,남,37세,중상
2018072400100566,2018년 7월 24일 19시,화요일,경상북도 포항시 북구 양덕동,경상사고,0,0,1,0,차대사람 - 기타,안전운전불이행,포장 - 건조,맑음,교차로 - 교차로안,승용,여,58세,상해없음,보행자,남,11세,경상
2018072400100622,2018년 7월 24일 21시,화요일,경상북도 고령군 운수면,중상사고,0,1,0,0,차대사람 - 차도통행중,안전운전불이행,포장 - 건조,맑음,단일로 - 기타,승용,남,46세,상해없음,보행자,여,61세,중상
2018072500100014,2018년 7월 25일 01시,수요일,경상북도 구미시 원평동,경상사고,0,0,1,0,차대사람 - 기타,안전운전불이행,포장 - 건조,맑음,단일로 - 기타,승용,남,50세,상해없음,보행자,남,44세,경상
2018072500100246,2018년 7월 25일 12시,수요일,경상북도 구미시 인의동,중상사고,0,1,0,0,차대사람 - 기타,안전운전불이행,포장 - 건조,맑음,단일로 - 기타,승용,여,53세,상해없음,보행자,여,35세,중상
2018072500100284,2018년 7월 25일 13시,수요일,경상북도 구미시 원평동,경상사고,0,0,1,0,차대사람 - 기타,안전운전불이행,포장 - 건조,맑음,단일로 - 기타,이륜,남,22세,상해없음,보행자,여,21세,경상
2018072500100476,2018년 7월 25일 18시,수요일,경상북도 문경시 모전동,경상사고,0,0,1,0,차대사람 - 차도통행중,안전운전불이행,포장 - 건조,맑음,교차로 - 교차로안,승용,남,35세,상해없음,보행자,남,60세,경상
2018072500100524,2018년 7월 25일 19시,수요일,경상북도 경산시 옥산동,중상사고,0,1,0,0,차대사람 - 길가장자리구역통행중,안전운전불이행,포장 - 건조,맑음,교차로 - 교차로부근,승용,남,45세,상해없음,보행자,남,73세,중상
2018072500100557,2018년 7월 25일 20시,수요일,경상북도 김천시 모암동,경상사고,0,0,1,0,차대사람 - 횡단중,안전운전불이행,포장 - 건조,기타,교차로 - 교차로횡단보도내,승용,남,65세,상해없음,보행자,남,15세,경상
2018072500100558,2018년 7월 25일 20시,수요일,경상북도 칠곡군 왜관읍,사망사고,1,0,0,0,차대사람 - 횡단중,안전운전불이행,포장 - 건조,맑음,단일로 - 교량,승용,남,32세,상해없음,보행자,남,58세,사망
2018072600100174,2018년 7월 26일 09시,목요일,경상북도 영덕군 영덕읍,경상사고,0,0,1,0,차대사람 - 길가장자리구역통행중,안전운전불이행,포장 - 건조,맑음,단일로 - 기타,승용,여,23세,상해없음,보행자,여,62세,경상
2018072600100289,2018년 7월 26일 13시,목요일,경상북도 문경시 마성면,중상사고,0,1,0,0,차대사람 - 횡단중,안전운전불이행,포장 - 건조,맑음,단일로 - 기타,화물,남,69세,상해없음,보행자,남,49세,중상
2018072600100322,2018년 7월 26일 14시,목요일,경상북도 포항시 북구 학산동,경상사고,0,0,1,0,차대사람 - 기타,안전운전불이행,포장 - 건조,맑음,단일로 - 기타,승용,남,73세,상해없음,보행자,여,68세,경상
2018072600100471,2018년 7월 26일 18시,목요일,경상북도 영천시 대창면,중상사고,0,1,0,0,차대사람 - 길가장자리구역통행중,안전운전불이행,포장 - 건조,맑음,단일로 - 기타,승용,남,34세,상해없음,보행자,남,54세,중상
2018072600100538,2018년 7월 26일 20시,목요일,경상북도 포항시 남구 대잠동,경상사고,0,0,1,0,차대사람 - 기타,보행자보호의무위반,포장 - 건조,맑음,단일로 - 기타,승용,여,50세,상해없음,보행자,남,28세,경상
2018072600100608,2018년 7월 26일 23시,목요일,경상북도 포항시 남구 오천읍,중상사고,0,1,0,0,차대사람 - 기타,안전운전불이행,포장 - 건조,맑음,교차로 - 교차로안,승용,남,28세,상해없음,보행자,남,27세,중상
2018072700100126,2018년 7월 27일 08시,금요일,경상북도 영천시 망정동,경상사고,0,0,1,0,차대사람 - 횡단중,보행자보호의무위반,포장 - 건조,맑음,교차로 - 교차로횡단보도내,승용,남,38세,상해없음,보행자,남,48세,경상
2018072700100214,2018년 7월 27일 10시,금요일,경상북도 영천시 성내동,경상사고,0,0,1,0,차대사람 - 횡단중,신호위반,포장 - 건조,맑음,단일로 - 기타,이륜,남,77세,상해없음,보행자,여,17세,경상
2018072700100349,2018년 7월 27일 14시,금요일,경상북도 안동시 광석동,중상사고,0,1,0,0,차대사람 - 보도통행중,안전운전불이행,포장 - 건조,맑음,단일로 - 기타,승용,여,58세,상해없음,보행자,여,67세,중상
2018072700100530,2018년 7월 27일 18시,금요일,경상북도 영주시 가흥동,중상사고,0,1,0,0,차대사람 - 횡단중,안전운전불이행,포장 - 건조,맑음,단일로 - 기타,승용,여,44세,상해없음,보행자,남,6세,중상
2018072700100618,2018년 7월 27일 20시,금요일,경상북도 청도군 청도읍,사망사고,1,0,0,0,차대사람 - 기타,안전운전불이행,포장 - 젖음/습기,흐림,단일로 - 기타,승용,여,37세,상해없음,보행자,남,80세,사망
2018072700100660,2018년 7월 27일 21시,금요일,경상북도 울진군 죽변면,중상사고,0,1,0,0,차대사람 - 차도통행중,안전운전불이행,포장 - 건조,맑음,교차로 - 교차로안,승용,여,60세,상해없음,보행자,남,52세,중상
2018072800100040,2018년 7월 28일 01시,토요일,경상북도 포항시 남구 상도동,경상사고,0,0,1,0,차대사람 - 차도통행중,안전운전불이행,포장 - 건조,맑음,단일로 - 기타,승용,남,26세,상해없음,보행자,남,33세,경상