사고번호,사고일시,요일,시군구,사고내용,사망자수,중상자수,경상자수,부상신고자수,사고유형,법규위반,노면상태,기상상태,도로형태,가해운전자 차종,가해운전자 성별,가해운전자 연령,가해운전자 상해정도,피해운전자 차종,피해운전자 성별,피해운전자 연령,피해운전자 상해정도
2019031900100512,2019년 3월 19일 21시,화요일,경상북도 포항시 남구 오천읍,중상사고,0,1,0,0,차대사람 - 횡단중,안전운전불이행,포장 - 건조,맑음,교차로 - 교차로안,승용,남,40세,상해없음,보행자,남,40세,중상
2019032000100052,2019년 3월 20일 02시,수요일,경상북도 김천시 부곡동,경상사고,0,0,1,0,차대사람 - 보도통행중,안전운전불이행,포장 - 건조,맑음,단일로 - 기타,기타불명,기타불명,미분류,기타불명,보행자,남,55세,경상
2019032000100159,2019년 3월 20일 08시,수요일,경상북도 포항시 북구 덕수동,중상사고,0,1,0,0,차대사람 - 횡단중,신호위반,포장 - 건조,맑음,단일로 - 기타,승용,남,70세,상해없음,보행자,남,70세,중상
2019032000100539,2019년 3월 20일 19시,수요일,경상북도 경주시 노서동,경상사고,0,0,1,0,차대사람 - 길가장자리구역통행중,안전운전불이행,포장 - 젖음/습기,흐림,단일로 - 기타,승용,남,77세,상해없음,보행자,남,15세,경상
2019032000100541,2019년 3월 20일 19시,수요일,경상북도 경산시 상방동,중상사고,0,1,0,0,차대사람 - 횡단중,보행자보호의무위반,포장 - 젖음/습기,비,교차로 - 교차로부근,이륜,남,32세,상해없음,보행자,여,18세,중상
2019032000100544,2019년 3월 20일 19시,수요일,경상북도 고령군 다산면,중상사고,0,1,0,0,차대사람 - 기타,안전운전불이행,포장 - 젖음/습기,비,단일로 - 기타,이륜,남,24세,상해없음,보행자,남,56세,중상
2019032000100595,2019년 3월 20일 20시,수요일,경상북도 청도군 청도읍,경상사고,0,0,1,0,차대사람 - 횡단중,신호위반,포장 - 젖음/습기,비,교차로 - 교차로횡단보도내,화물,남,25세,상해없음,보행자,여,16세,경상
2019032000100738,2019년 3월 20일 23시,수요일,경상북도 영주시 휴천동,중상사고,0,1,0,0,차대사람 - 차도통행중,안전운전불이행,포장 - 젖음/습기,비,교차로 - 교차로안,승용,남,42세,상해없음,보행자,여,65세,중상
2019032000100739,2019년 3월 20일 23시,수요일,경상북도 구미시 진평동,중상사고,0,1,1,0,차대사람 - 기타,신호위반,포장 - 젖음/습기,비,교차로 - 교차로부근,이륜,남,35세,경상,보행자,여,58세,중상
2019032100100197,2019년 3월 21일 09시,목요일,경상북도 경산시 와촌면,경상사고,0,0,1,0,차대사람 - 횡단중,안전운전불이행,포장 - 건조,맑음,단일로 - 지하차도(도로)내,승합,남,47세,상해없음,보행자,여,72세,경상
2019032100100281,2019년 3월 21일 12시,목요일,경상북도 포항시 북구 죽도동,경상사고,0,0,1,0,차대사람 - 횡단중,안전운전불이행,포장 - 건조,맑음,단일로 - 기타,화물,남,66세,상해없음,보행자,여,61세,경상
2019032100100528,2019년 3월 21일 19시,목요일,경상북도 김천시 부곡동,중상사고,0,1,0,0,차대사람 - 차도통행중,안전운전불이행,포장 - 기타,맑음,주차장 - 주차장,승용,남,48세,상해없음,보행자,남,55세,중상
2019032100100559,2019년 3월 21일 20시,목요일,경상북도 경산시 대동,경상사고,0,0,1,0,차대사람 - 횡단중,신호위반,포장 - 건조,맑음,교차로 - 교차로횡단보도내,이륜,남,28세,상해없음,보행자,남,15세,경상
2019032100100591,2019년 3월 21일 21시,목요일,경상북도 경주시 동천동,경상사고,0,0,1,0,차대사람 - 길가장자리구역통행중,안전운전불이행,포장 - 건조,맑음,주차장 - 주차장,자전거,여,74세,경상,보행자,남,56세,상해없음
2019032100100592,2019년 3월 21일 21시,목요일,경상북도 구미시 상모동,경상사고,0,0,1,0,차대사람 - 횡단중,안전운전불이행,포장 - 건조,맑음,교차로 - 교차로부근,특수,남,43세,상해없음,보행자,남,55세,경상
2019032200100217,2019년 3월 22일 11시,금요일,경상북도 안동시 광석동,경상사고,0,0,1,0,차대사람 - 길가장자리구역통행중,안전운전불이행,포장 - 건조,맑음,단일로 - 기타,승용,남,65세,상해없음,보행자,남,56세,경상
2019032200100427,2019년 3월 22일 17시,금요일,경상북도 포항시 북구 죽도동,경상사고,0,0,1,0,차대사람 - 횡단중,안전운전불이행,포장 - 건조,맑음,단일로 - 기타,승용,남,56세,상해없음,보행자,여,81세,경상
2019032200100530,2019년 3월 22일 19시,금요일,경상북도 청도군 청도읍,경상사고,0,0,1,0,차대사람 - 횡단중,보행자보호의무위반,포장 - 건조,맑음,교차로 - 교차로부근,승용,여,36세,상해없음,보행자,남,65세,경상
2019032200100569,2019년 3월 22일 20시,금요일,경상북도 구미시 고아읍,중상사고,0,2,0,0,차대사람 - 기타,중앙선침범,포장 - 건조,맑음,단일로 - 기타,이륜,남,51세,중상,보행자,여,63세,중상
2019032200100626,2019년 3월 22일 22시,금요일,경상북도 안동시 태화동,중상사고,0,1,0,0,차대사람 - 차도통행중,안전운전불이행,포장 - 건조,맑음,단일로 - 기타,승용,남,24세,상해없음,보행자,남,71세,중상
2019032300100342,2019년 3월 23일 14시,토요일,경상북도 영주시 풍기읍,경상사고,0,0,1,0,차대사람 - 기타,안전운전불이행,포장 - 젖음/습기,눈,교차로 - 교차로안,승용,여,55세,상해없음,보행자,여,82세,경상
2019032400100349,2019년 3월 24일 16시,일요일,경상북도 경주시 황성동,중상사고,0,1,0,0,차대사람 - 보도통행중,기타,포장 - 건조,맑음,단일로 - 지하차도(도로)내,승용,남,41세,상해없음,보행자,여,8세,중상
2019032500100123,2019년 3월 25일 08시,월요일,경상북도 문경시 모전동,경상사고,0,0,1,0,차대사람 - 횡단중,안전운전불이행,포장 - 건조,맑음,단일로 - 기타,승용,여,27세,상해없음,보행자,여,11세,경상
2019032500100124,2019년 3월 25일 08시,월요일,경상북도 경산시 하양읍,경상사고,0,0,1,0,차대사람 - 길가장자리구역통행중,안전운전불이행,포장 - 건조,맑음,단일로 - 기타,승용,여,42세,상해없음,보행자,여,22세,경상
2019032500100163,2019년 3월 25일 09시,월요일,경상북도 문경시 모전동,중상사고,0,1,0,0,차대사람 - 차도통행중,안전운전불이행,포장 - 건조,맑음,교차로 - 교차로부근,승용,남,61세,상해없음,보행자,남,51세,중상
2019032500100306,2019년 3월 25일 14시,월요일,경상북도 포항시 북구 죽도동,경상사고,0,0,1,0,차대사람 - 기타,안전운전불이행,포장 - 건조,맑음,단일로 - 기타,승용,남,36세,상해없음,보행자,여,10세,경상
2019032500100421,2019년 3월 25일 17시,월요일,경상북도 포항시 남구 대잠동,중상사고,0,1,0,0,차대사람 - 차도통행중,안전운전불이행,포장 - 건조,맑음,단일로 - 기타,승용,남,42세,상해없음,보행자,여,7세,중상
2019032500100500,2019년 3월 25일 19시,월요일,경상북도 경주시 양남면,중상사고,0,1,0,0,차대사람 - 횡단중,안전운전불이행,포장 - 건조,맑음,단일로 - 지하차도(도로)내,승용,남,67세,상해없음,보행자,여,74세,중상
2019032500100502,2019년 3월 25일 19시,월요일,경상북도 경산시 계양동,중상사고,0,1,0,0,차대사람 - 기타,안전운전불이행,포장 - 건조,맑음,단일로 - 기타,자전거,남,27세,상해없음,보행자,여,56세,중상
2019032500100611,2019년 3월 25일 23시,월요일,경상북도 경주시 안강읍,경상사고,0,0,1,0,차대사람 - 차도통행중,안전운전불이행,포장 - 건조,맑음,교차로 - 교차로부근,승용,남,40세,상해없음,보행자,남,45세,경상
2019032600100054,2019년 3월 26일 03시,화요일,경상북도 김천시 응명동,경상사고,0,0,1,0,차대사람 - 횡단중,안전운전불이행,포장 - 건조,맑음,기타 - 기타,기타불명,기타불명,미분류,기타불명,보행자,남,48세,경상
2019032600100078,2019년 3월 26일 05시,화요일,경상북도 영주시 하망동,경상사고,0,0,1,0,차대사람 - 횡단중,보행자보호의무위반,포장 - 건조,맑음,교차로 - 교차로횡단보도내,승용,남,49세,상해없음,보행자,여,63세,경상
2019032600100140,2019년 3월 26일 08시,화요일,경상북도 구미시 원평동,중상사고,0,1,0,0,차대사람 - 기타,보행자보호의무위반,포장 - 건조,맑음,교차로 - 교차로횡단보도내,승용,남,69세,상해없음,보행자,여,63세,중상
2019032600100237,2019년 3월 26일 11시,화요일,경상북도 구미시 원평동,부상신고사고,0,0,0,1,차대사람 - 기타,안전운전불이행,포장 - 건조,맑음,교차로 - 교차로부근,기타불명,기타불명,미분류,기타불명,보행자,남,53세,부상신고
2019032600100347,2019년 3월 26일 15시,화요일,경상북도 경주시 내남면,경상사고,0,0,1,0,차대사람 - 횡단중,안전운전불이행,포장 - 건조,맑음,단일로 - 기타,화물,남,38세,상해없음,보행자,여,84세,경상
2019032600100351,2019년 3월 26일 15시,화요일,경상북도 성주군 성주읍,경상사고,0,0,1,0,차대사람 - 횡단중,안전운전불이행,포장 - 건조,맑음,교차로 - 교차로안,화물,남,41세,상해없음,보행자,남,65세,경상
2019032600100398,2019년 3월 26일 16시,화요일,경상북도 상주시 공검면,경상사고,0,0,1,0,차대사람 - 길가장자리구역통행중,안전운전불이행,포장 - 건조,맑음,단일로 - 기타,화물,남,61세,상해없음,보행자,여,78세,경상
2019032600100481,2019년 3월 26일 18시,화요일,경상북도 포항시 남구 상도동,경상사고,0,0,1,0,차대사람 - 기타,안전운전불이행,포장 - 건조,맑음,교차로 - 교차로부근,승용,여,25세,상해없음,보행자,여,66세,경상
2019032600100519,2019년 3월 26일 19시,화요일,경상북도 칠곡군 왜관읍,부상신고사고,0,0,0,1,차대사람 - 횡단중,보행자보호의무위반,포장 - 건조,맑음,교차로 - 교차로횡단보도내,이륜,남,41세,상해없음,보행자,남,41세,부상신고
2019032600100520,2019년 3월 26일 19시,화요일,경상북도 청송군 청송읍,사망사고,1,0,0,0,차대사람 - 횡단중,중앙선침범,포장 - 건조,맑음,단일로 - 기타,승용,남,31세,상해없음,보행자,여,77세,사망
2019032600100607,2019년 3월 26일 22시,화요일,경상북도 구미시 형곡동,경상사고,0,0,1,0,차대사람 - 기타,안전운전불이행,포장 - 건조,맑음,단일로 - 기타,승용,여,41세,상해없음,보행자,남,52세,경상
2019032700100231,2019년 3월 27일 11시,수요일,경상북도 포항시 북구 동빈2가,중상사고,0,1,0,0,차대사람 - 길가장자리구역통행중,안전운전불이행,포장 - 건조,맑음,단일로 - 기타,승용,남,71세,상해없음,보행자,남,41세,중상
2019032700100260,2019년 3월 27일 12시,수요일,경상북도 경산시 하양읍,경상사고,0,0,1,0,차대사람 - 길가장자리구역통행중,안전운전불이행,포장 - 건조,맑음,단일로 - 기타,승용,여,35세,상해없음,보행자,여,63세,경상
2019032700100338,2019년 3월 27일 15시,수요일,경상북도 포항시 남구 대도동,경상사고,0,0,1,1,차대사람 - 길가장자리구역통행중,중앙선침범,포장 - 건조,맑음,단일로 - 기타,승합,여,51세,상해없음,보행자,남,38세,부상신고
2019032700100402,2019년 3월 27일 17시,수요일,경상북도 포항시 남구 오천읍,경상사고,0,0,1,0,차대사람 - 길가장자리구역통행중,안전운전불이행,포장 - 건조,맑음,교차로 - 교차로부근,승용,남,50세,상해없음,보행자,여,15세,경상
2019032700100503,2019년 3월 27일 20시,수요일,경상북도 경산시 하양읍,경상사고,0,0,1,0,차대사람 - 횡단중,안전운전불이행,포장 - 건조,맑음,단일로 - 기타,승용,남,25세,상해없음,보행자,여,9세,경상
2019032700100504,2019년 3월 27일 20시,수요일,경상북도 구미시 형곡동,경상사고,0,0,1,0,차대사람 - 기타,안전운전불이행,포장 - 건조,맑음,교차로 - 교차로안,승용,여,22세,상해없음,보행자,남,60세,경상
2019032700100527,2019년 3월 27일 21시,수요일,경상북도 포항시 남구 이동,경상사고,0,0,1,0,차대사람 - 횡단중,안전운전불이행,포장 - 건조,맑음,교차로 - 교차로부근,승용,남,49세,상해없음,보행자,남,57세,경상
2019032800100242,2019년 3월 28일 11시,목요일,경상북도 군위군 군위읍,경상사고,0,0,1,0,차대사람 - 길가장자리구역통행중,안전운전불이행,포장 - 건조,맑음,단일로 - 기타,승용,남,72세,상해없음,보행자,남,64세,경상
2019032800100403,2019년 3월 28일 16시,목요일,경상북도 김천시 부곡동,중상사고,0,1,0,0,차대사람 - 기타,안전운전불이행,포장 - 건조,맑음,단일로 - 기타,승용,여,38세,상해없음,보행자,여,79세,중상
2019032800100534,2019년 3월 28일 19시,목요일,경상북도 포항시 남구 오천읍,경상사고,0,0,1,0,차대사람 - 기타,안전운전불이행,포장 - 건조,맑음,교차로 - 교차로부근,승용,남,50세,상해없음,보행자,여,59세,경상
2019032800100621,2019년 3월 28일 22시,목요일,경상북도 영천시 망정동,경상사고,0,0,1,0,차대사람 - 길가장자리구역통행중,안전운전불이행,포장 - 건조,맑음,단일로 - 기타,이륜,남,14세,상해없음,보행자,여,17세,경상
2019032900100351,2019년 3월 29일 14시,금요일,경상북도 칠곡군 왜관읍,경상사고,0,0,1,0,차대사람 - 횡단중,안전운전불이행,포장 - 건조,맑음,주차장 - 주차장,승용,남,60세,상해없음,보행자,여,77세,경상
2019032900100386,2019년 3월 29일 15시,금요일,경상북도 경주시 황오동,경상사고,0,0,1,0,차대사람 - 횡단중,보행자보호의무위반,포장 - 건조,맑음,교차로 - 교차로횡단보도내,승용,남,68세,상해없음,보행자,남,58세,경상
2019032900100388,2019년 3월 29일 15시,금요일,경상북도 칠곡군 왜관읍,경상사고,0,0,1,0,차대사람 - 길가장자리구역통행중,안전운전불이행,포장 - 건조,맑음,단일로 - 기타,화물,남,66세,상해없음,보행자,여,87세,경상
2019032900100483,2019년 3월 29일 17시,금요일,경상북도 김천시 모암동,중상사고,0,1,0,0,차대사람 - 횡단중,안전운전불이행,포장 - 건조,맑음,교차로 - 교차로안,승용,여,50세,상해없음,보행자,여,77세,중상
2019032900100578,2019년 3월 29일 19시,금요일,경상북도 경주시 노동동,경상사고,0,0,1,0,차대사람 - 기타,안전운전불이행,포장 - 건조,맑음,단일로 - 기타,화물,여,46세,상해없음,보행자,남,41세,경상
2019032900100686,2019년 3월 29일 22시,금요일,경상북도 구미시 공단동,중상사고,0,3,0,0,차대사람 - 기타,보행자보호의무위반,포장 - 건조,맑음,단일로 - 기타,승용,남,62세,상해없음,보행자,남,42세,중상
2019032900100687,2019년 3월 29일 22시,금요일,경상북도 구미시 인의동,경상사고,0,0,1,0,차대사람 - 기타,안전운전불이행,포장 - 건조,맑음,교차로 - 교차로부근,승용,남,18세,상해없음,보행자,남,19세,경상
2019033000100483,2019년 3월 30일 16시,토요일,경상북도 포항시 남구 해도동,경상사고,0,0,1,0,차대사람 - 기타,안전운전불이행,포장 - 건조,맑음,단일로 - 기타,자전거,남,65세,상해없음,보행자,여,22세,경상
2019033000100587,2019년 3월 30일 19시,토요일,경상북도 영천시 야사동,경상사고,0,0,2,0,차대사람 - 기타,안전운전불이행,포장 - 건조,흐림,교차로 - 교차로안,승용,남,54세,상해없음,보행자,여,29세,경상
2019033100100066,2019년 3월 31일 02시,일요일,경상북도 포항시 북구 죽도동,중상사고,0,1,0,0,차대사람 - 횡단중,안전운전불이행,포장 - 건조,맑음,단일로 - 기타,승용,남,59세,상해없음,보행자,남,61세,중상
2019033100100240,2019년 3월 31일 14시,일요일,경상북도 상주시 낙양동,중상사고,0,1,0,0,차대사람 - 차도통행중,안전운전불이행,포장 - 건조,맑음,단일로 - 기타,승합,남,66세,상해없음,보행자,여,5세,중상
2019033100100360,2019년 3월 31일 18시,일요일,경상북도 포항시 북구 두호동,경상사고,0,0,1,0,차대사람 - 기타,안전운전불이행,포장 - 건조,맑음,단일로 - 기타,기타불명,기타불명,미분류,기타불명,보행자,남,16세,경상
2019033100100390,2019년 3월 31일 19시,일요일,경상북도 칠곡군 왜관읍,중상사고,0,1,0,0,차대사람 - 기타,안전운전불이행,포장 - 건조,맑음,주차장 - 주차장,승용,여,43세,상해없음,보행자,여,82세,중상
2019040100100032,2019년 4월 1일 00시,월요일,경상북도 경산시 중방동,경상사고,0,0,1,0,차대사람 - 기타,보행자보호의무위반,포장 - 건조,맑음,교차로 - 교차로횡단보도내,승용,남,73세,상해없음,보행자,남,57세,경상
2019040100100164,2019년 4월 1일 08시,월요일,경상북도 구미시 구포동,경상사고,0,0,1,0,차대사람 - 기타,기타,포장 - 건조,맑음,단일로 - 기타,승합,남,51세,기타불명,보행자,여,39세,경상
2019040100100243,2019년 4월 1일 10시,월요일,경상북도 영주시 영주동,중상사고,0,1,0,0,차대사람 - 횡단중,보행자보호의무위반,포장 - 건조,맑음,단일로 - 기타,화물,남,54세,상해없음,보행자,여,83세,중상
2019040100100308,2019년 4월 1일 12시,월요일,경상북도 경산시 백천동,중상사고,0,1,0,0,차대사람 - 기타,안전운전불이행,포장 - 건조,맑음,교차로 - 교차로안,건설기계,남,56세,상해없음,보행자,여,90세 이상,중상
2019040100100417,2019년 4월 1일 15시,월요일,경상북도 영천시 망정동,경상사고,0,0,1,0,차대사람 - 횡단중,안전운전불이행,포장 - 건조,맑음,기타 - 기타,승용,여,60세,상해없음,보행자,여,8세,경상
2019040100100674,2019년 4월 1일 22시,월요일,경상북도 경산시 진량읍,사망사고,1,0,0,0,차대사람 - 기타,과속,포장 - 건조,맑음,단일로 - 기타,승용,남,19세,상해없음,보행자,여,19세,사망
2019040200100076,2019년 4월 2일 05시,화요일,경상북도 구미시 인의동,경상사고,0,0,1,0,차대사람 - 횡단중,안전운전불이행,포장 - 건조,맑음,교차로 - 교차로부근,승용,남,62세,상해없음,보행자,남,48세,경상
2019040200100273,2019년 4월 2일 11시,화요일,경상북도 구미시 송정동,사망사고,1,0,0,0,차대사람 - 횡단중,신호위반,포장 - 건조,맑음,교차로 - 교차로안,화물,남,71세,상해없음,보행자,여,75세,사망
2019040200100308,2019년 4월 2일 12시,화요일,경상북도 경산시 옥산동,경상사고,0,0,1,0,차대사람 - 기타,기타,포장 - 건조,맑음,교차로 - 교차로부근,이륜,남,67세,기타불명,보행자,남,20세,경상
2019040200100412,2019년 4월 2일 15시,화요일,경상북도 포항시 북구 죽도동,경상사고,0,0,1,0,차대사람 - 길가장자리구역통행중,안전운전불이행,포장 - 건조,맑음,단일로 - 기타,승용,남,75세,상해없음,보행자,남,52세,경상
2019040200100413,2019년 4월 2일 15시,화요일,경상북도 안동시 태화동,경상사고,0,0,1,0,차대사람 - 보도통행중,안전운전불이행,포장 - 건조,맑음,단일로 - 기타,승용,남,53세,상해없음,보행자,남,14세,경상
2019040200100453,2019년 4월 2일 16시,화요일,경상북도 고령군 대가야읍,경상사고,0,0,1,0,차대사람 - 횡단중,안전운전불이행,포장 - 건조,맑음,단일로 - 지하차도(도로)내,승합,남,47세,상해없음,보행자,여,9세,경상
2019040200100533,2019년 4월 2일 18시,화요일,경상북도 포항시 북구 득량동,경상사고,0,0,1,0,차대사람 - 기타,안전운전불이행,포장 - 건조,맑음,단일로 - 기타,승용,남,54세,상해없음,보행자,남,9세,경상
2019040200100581,2019년 4월 2일 19시,화요일,경상북도 구미시 형곡동,중상사고,0,1,0,0,차대사람 - 기타,기타,포장 - 건조,맑음,기타 - 기타,이륜,남,35세,상해없음,보행자,남,43세,중상
2019040200100656,2019년 4월 2일 22시,화요일,경상북도 영주시 영주동,경상사고,0,0,1,0,차대사람 - 횡단중,보행자보호의무위반,포장 - 건조,맑음,교차로 - 교차로횡단보도내,승용,남,68세,상해없음,보행자,남,62세,경상
2019040300100238,2019년 4월 3일 11시,수요일,경상북도 경주시 강동면,중상사고,0,1,0,0,차대사람 - 횡단중,안전운전불이행,포장 - 건조,맑음,교차로 - 교차로부근,승용,남,18세,상해없음,보행자,남,24세,중상
2019040300100294,2019년 4월 3일 13시,수요일,경상북도 포항시 북구 장성동,부상신고사고,0,0,0,2,차대사람 - 기타,안전운전불이행,포장 - 건조,맑음,단일로 - 기타,승용,여,39세,상해없음,보행자,남,9세,부상신고
2019040400100070,2019년 4월 4일 05시,목요일,경상북도 고령군 쌍림면,경상사고,0,0,1,0,차대사람 - 횡단중,보행자보호의무위반,포장 - 건조,맑음,교차로 - 교차로횡단보도내,화물,남,57세,상해없음,보행자,남,14세,경상
2019040400100233,2019년 4월 4일 10시,목요일,경상북도 경주시 성건동,경상사고,0,0,1,0,차대사람 - 횡단중,보행자보호의무위반,포장 - 건조,맑음,교차로 - 교차로횡단보도내,승용,여,54세,상해없음,보행자,남,56세,경상
2019040400100351,2019년 4월 4일 14시,목요일,경상북도 경산시 압량면,경상사고,0,0,1,0,차대사람 - 횡단중,신호위반,포장 - 건조,맑음,교차로 - 교차로안,이륜,남,32세,상해없음,보행자,남,6세,경상
2019040400100381,2019년 4월 4일 15시,목요일,경상북도 영덕군 영해면,경상사고,0,0,1,0,차대사람 - 기타,안전운전불이행,포장 - 건조,맑음,단일로 - 기타,화물,남,55세,상해없음,보행자,남,76세,경상
2019040400100466,2019년 4월 4일 17시,목요일,경상북도 안동시 송현동,경상사고,0,0,1,0,차대사람 - 횡단중,보행자보호의무위반,포장 - 건조,맑음,교차로 - 교차로안,화물,남,59세,상해없음,보행자,여,19세,경상
2019040500100055,2019년 4월 5일 01시,금요일,경상북도 고령군 성산면,중상사고,0,1,0,0,차대사람 - 기타,안전운전불이행,포장 - 건조,맑음,단일로 - 기타,승용,남,72세,상해없음,보행자,여,62세,중상
2019040500100106,2019년 4월 5일 07시,금요일,경상북도 구미시 인의동,중상사고,0,1,0,0,차대사람 - 횡단중,안전운전불이행,포장 - 건조,맑음,교차로 - 교차로안,승용,남,29세,상해없음,보행자,여,80세,중상
2019040500100250,2019년 4월 5일 12시,금요일,경상북도 경산시 삼풍동,경상사고,0,0,1,0,차대사람 - 횡단중,안전운전불이행,포장 - 건조,맑음,교차로 - 교차로안,승용,여,34세,상해없음,보행자,여,59세,경상
2019040500100452,2019년 4월 5일 17시,금요일,경상북도 안동시 운흥동,경상사고,0,0,1,0,차대사람 - 보도통행중,보행자보호의무위반,포장 - 건조,맑음,교차로 - 교차로안,승용,남,38세,상해없음,보행자,남,26세,경상
2019040500100453,2019년 4월 5일 17시,금요일,경상북도 김천시 덕곡동,경상사고,0,0,1,0,차대사람 - 횡단중,안전운전불이행,포장 - 건조,맑음,단일로 - 기타,승용,여,69세,상해없음,보행자,남,79세,경상
2019040500100563,2019년 4월 5일 19시,금요일,경상북도 경주시 안강읍,중상사고,0,1,0,0,차대사람 - 차도통행중,안전운전불이행,포장 - 건조,맑음,단일로 - 지하차도(도로)내,화물,남,66세,상해없음,보행자,여,79세,중상
2019040500100566,2019년 4월 5일 19시,금요일,경상북도 구미시 산동면,경상사고,0,0,1,0,차대사람 - 횡단중,안전운전불이행,포장 - 건조,맑음,단일로 - 기타,승용,남,59세,상해없음,보행자,여,33세,경상
2019040500100567,2019년 4월 5일 19시,금요일,경상북도 구미시 형곡동,경상사고,0,0,1,0,차대사람 - 횡단중,보행자보호의무위반,포장 - 건조,맑음,단일로 - 기타,승용,여,38세,상해없음,보행자,여,29세,경상
2019040500100568,2019년 4월 5일 19시,금요일,경상북도 포항시 남구 오천읍,중상사고,0,1,0,0,차대사람 - 횡단중,보행자보호의무위반,포장 - 건조,맑음,교차로 - 교차로안,승용,여,38세,상해없음,보행자,남,60세,중상
2019040500100614,2019년 4월 5일 20시,금요일,경상북도 경주시 신평동,중상사고,0,1,0,0,차대사람 - 기타,안전운전불이행,포장 - 건조,맑음,교차로 - 교차로안,승용,남,44세,상해없음,보행자,남,62세,중상
2019040500100645,2019년 4월 5일 21시,금요일,경상북도 포항시 북구 죽도동,경상사고,0,0,1,0,차대사람 - 기타,안전운전불이행,포장 - 건조,맑음,단일로 - 기타,승합,남,54세,상해없음,보행자,여,66세,경상
2019040600100106,2019년 4월 6일 06시,토요일,경상북도 영주시 영주동,중상사고,0,2,0,0,차대사람 - 기타,기타,포장 - 건조,맑음,기타 - 기타,자전거,여,65세,중상,보행자,남,39세,중상
2019040600100205,2019년 4월 6일 10시,토요일,경상북도 영천시 화산면,경상사고,0,0,1,0,차대사람 - 횡단중,안전운전불이행,포장 - 건조,맑음,단일로 - 기타,승용,여,33세,상해없음,보행자,남,9세,경상
2019040600100241,2019년 4월 6일 11시,토요일,경상북도 경산시 정평동,경상사고,0,0,1,0,차대사람 - 기타,안전운전불이행,포장 - 건조,맑음,단일로 - 기타,승용,남,42세,상해없음,보행자,남,52세,경상
2019040600100540,2019년 4월 6일 19시,토요일,경상북도 경주시 황남동,중상사고,0,1,1,0,차대사람 - 차도통행중,안전운전불이행,포장 - 건조,맑음,교차로 - 교차로부근,승용,남,22세,상해없음,보행자,남,27세,중상
2019040600100541,2019년 4월 6일 19시,토요일,경상북도 경주시 충효동,중상사고,0,1,2,0,차대사람 - 기타,안전운전불이행,포장 - 건조,맑음,단일로 - 기타,승용,남,23세,상해없음,보행자,여,21세,중상
2019040600100569,2019년 4월 6일 20시,토요일,경상북도 영천시 완산동,경상사고,0,0,1,0,차대사람 - 차도통행중,안전운전불이행,포장 - 건조,맑음,단일로 - 기타,승용,여,29세,상해없음,보행자,여,28세,경상
2019040700100112,2019년 4월 7일 07시,일요일,경상북도 경산시 사동,중상사고,0,1,0,0,차대사람 - 횡단중,안전운전불이행,포장 - 건조,맑음,교차로 - 교차로횡단보도내,승용,남,39세,상해없음,보행자,남,48세,중상
2019040700100208,2019년 4월 7일 12시,일요일,경상북도 포항시 남구 대도동,중상사고,0,1,0,0,차대사람 - 횡단중,안전운전불이행,포장 - 건조,맑음,단일로 - 기타,승용,남,47세,상해없음,보행자,남,73세,중상
2019040800100076,2019년 4월 8일 06시,월요일,경상북도 포항시 북구 죽도동,사망사고,1,0,0,0,차대사람 - 횡단중,안전운전불이행,포장 - 건조,맑음,단일로 - 기타,승합,남,47세,상해없음,보행자,여,71세,사망
2019040800100357,2019년 4월 8일 14시,월요일,경상북도 경주시 황남동,중상사고,0,1,0,0,차대사람 - 길가장자리구역통행중,안전운전불이행,포장 - 건조,맑음,단일로 - 기타,승용,여,24세,상해없음,보행자,남,36세,중상
2019040800100359,2019년 4월 8일 14시,월요일,경상북도 안동시 명륜동,경상사고,0,0,1,0,차대사람 - 보도통행중,보행자보호의무위반,포장 - 건조,맑음,교차로 - 교차로안,승용,남,71세,상해없음,보행자,여,20세,경상
2019040800100390,2019년 4월 8일 15시,월요일,경상북도 안동시 남문동,경상사고,0,0,1,0,차대사람 - 길가장자리구역통행중,안전운전불이행,포장 - 건조,맑음,단일로 - 기타,승용,남,51세,상해없음,보행자,여,47세,경상
2019040800100421,2019년 4월 8일 16시,월요일,경상북도 경주시 성건동,중상사고,0,1,0,0,차대사람 - 횡단중,안전운전불이행,포장 - 건조,맑음,교차로 - 교차로안,승용,여,45세,상해없음,보행자,여,79세,중상
2019040800100423,2019년 4월 8일 16시,월요일,경상북도 상주시 인봉동,중상사고,0,1,1,0,차대사람 - 횡단중,안전운전불이행,포장 - 건조,맑음,교차로 - 교차로안,승용,남,68세,상해없음,보행자,여,7세,중상
2019040800100462,2019년 4월 8일 17시,월요일,경상북도 포항시 북구 남빈동,경상사고,0,0,1,0,차대사람 - 횡단중,보행자보호의무위반,포장 - 건조,맑음,단일로 - 기타,승용,여,57세,상해없음,보행자,여,68세,경상
2019040800100555,2019년 4월 8일 19시,월요일,경상북도 경산시 옥산동,중상사고,0,1,0,0,차대사람 - 횡단중,보행자보호의무위반,포장 - 건조,맑음,교차로 - 교차로횡단보도내,승합,남,38세,상해없음,보행자,남,56세,중상
2019040800100556,2019년 4월 8일 19시,월요일,경상북도 예천군 풍양면,중상사고,0,1,0,0,차대사람 - 차도통행중,안전운전불이행,포장 - 건조,맑음,교차로 - 교차로부근,승용,여,58세,상해없음,보행자,남,53세,중상