사고번호,사고일시,요일,시군구,사고내용,사망자수,중상자수,경상자수,부상신고자수,사고유형,법규위반,노면상태,기상상태,도로형태,가해운전자 차종,가해운전자 성별,가해운전자 연령,가해운전자 상해정도,피해운전자 차종,피해운전자 성별,피해운전자 연령,피해운전자 상해정도
2019061700100501,2019년 6월 17일 17시,월요일,경상북도 칠곡군 동명면,중상사고,0,1,0,0,차대사람 - 횡단중,신호위반,포장 - 건조,맑음,단일로 - 기타,승용,남,68세,상해없음,보행자,여,73세,중상
2019061700100545,2019년 6월 17일 18시,월요일,경상북도 포항시 북구 죽도동,중상사고,0,1,0,0,차대사람 - 길가장자리구역통행중,안전운전불이행,포장 - 건조,맑음,단일로 - 기타,승용,여,62세,상해없음,보행자,남,60세,중상
2019061700100549,2019년 6월 17일 18시,월요일,경상북도 경산시 하양읍,중상사고,0,1,0,0,차대사람 - 횡단중,안전운전불이행,포장 - 건조,맑음,단일로 - 기타,승용,남,47세,상해없음,보행자,남,17세,중상
2019061800100054,2019년 6월 18일 02시,화요일,경상북도 상주시 가장동,경상사고,0,0,1,0,차대사람 - 기타,안전운전불이행,포장 - 건조,맑음,단일로 - 기타,승용,여,22세,상해없음,보행자,남,22세,경상
2019061800100199,2019년 6월 18일 09시,화요일,경상북도 영주시 휴천동,경상사고,0,0,1,0,차대사람 - 기타,안전운전불이행,포장 - 젖음/습기,비,교차로 - 교차로안,승합,남,66세,상해없음,보행자,남,83세,경상
2019061800100416,2019년 6월 18일 16시,화요일,경상북도 포항시 남구 오천읍,중상사고,0,1,0,0,차대사람 - 기타,안전운전불이행,포장 - 건조,맑음,단일로 - 기타,승용,남,36세,상해없음,보행자,여,47세,중상
2019061800100417,2019년 6월 18일 16시,화요일,경상북도 포항시 남구 이동,경상사고,0,0,1,0,차대사람 - 기타,기타,포장 - 건조,맑음,기타 - 기타,기타불명,남,54세,상해없음,보행자,여,33세,경상
2019061800100535,2019년 6월 18일 19시,화요일,경상북도 포항시 북구 항구동,경상사고,0,0,1,0,차대사람 - 차도통행중,안전운전불이행,포장 - 건조,맑음,교차로 - 교차로부근,승용,남,33세,상해없음,보행자,여,77세,경상
2019061800100659,2019년 6월 18일 23시,화요일,경상북도 경주시 동천동,경상사고,0,0,1,0,차대사람 - 길가장자리구역통행중,안전운전불이행,포장 - 건조,맑음,단일로 - 기타,승용,남,44세,상해없음,보행자,여,13세,경상
2019061900100091,2019년 6월 19일 06시,수요일,경상북도 경주시 성건동,중상사고,0,1,0,0,차대사람 - 기타,기타,포장 - 건조,맑음,교차로 - 교차로부근,승합,남,77세,상해없음,보행자,여,82세,중상
2019061900100181,2019년 6월 19일 09시,수요일,경상북도 의성군 안계면,중상사고,0,1,0,0,차대사람 - 횡단중,안전운전불이행,포장 - 건조,맑음,주차장 - 주차장,승용,남,50세,상해없음,보행자,여,66세,중상
2019061900100248,2019년 6월 19일 11시,수요일,경상북도 김천시 감호동,경상사고,0,0,1,0,차대사람 - 차도통행중,안전운전불이행,포장 - 건조,맑음,단일로 - 기타,승용,여,48세,상해없음,보행자,남,61세,경상
2019061900100396,2019년 6월 19일 16시,수요일,경상북도 김천시 교동,중상사고,0,1,0,0,차대사람 - 횡단중,안전운전불이행,포장 - 건조,맑음,교차로 - 교차로안,승용,여,66세,상해없음,보행자,남,12세,중상
2019061900100444,2019년 6월 19일 17시,수요일,경상북도 문경시 마성면,경상사고,0,0,1,0,차대사람 - 기타,안전운전불이행,포장 - 건조,맑음,단일로 - 기타,승용,남,65세,상해없음,보행자,남,69세,경상
2019062000100198,2019년 6월 20일 09시,목요일,경상북도 김천시 성내동,중상사고,0,1,0,0,차대사람 - 횡단중,보행자보호의무위반,포장 - 건조,맑음,교차로 - 교차로횡단보도내,승용,여,45세,상해없음,보행자,여,57세,중상
2019062000100227,2019년 6월 20일 10시,목요일,경상북도 상주시 서성동,중상사고,0,1,0,0,차대사람 - 횡단중,안전운전불이행,포장 - 건조,맑음,교차로 - 교차로안,승용,남,72세,상해없음,보행자,여,63세,중상
2019062000100316,2019년 6월 20일 13시,목요일,경상북도 경주시 감포읍,중상사고,0,1,0,0,차대사람 - 횡단중,안전운전불이행,포장 - 건조,맑음,단일로 - 기타,승용,여,37세,상해없음,보행자,여,60세,중상
2019062000100478,2019년 6월 20일 17시,목요일,경상북도 안동시 옥동,경상사고,0,0,1,0,차대사람 - 보도통행중,기타,포장 - 건조,맑음,기타 - 기타,자전거,기타불명,미분류,기타불명,보행자,여,19세,경상
2019062000100479,2019년 6월 20일 17시,목요일,경상북도 김천시 성내동,경상사고,0,0,1,0,차대사람 - 보도통행중,보행자보호의무위반,포장 - 건조,맑음,단일로 - 기타,화물,남,43세,기타불명,보행자,여,22세,경상
2019062000100480,2019년 6월 20일 17시,목요일,경상북도 구미시 형곡동,중상사고,0,1,0,0,차대사람 - 횡단중,보행자보호의무위반,포장 - 건조,맑음,교차로 - 교차로안,승용,여,32세,상해없음,보행자,여,29세,중상
2019062000100481,2019년 6월 20일 17시,목요일,경상북도 포항시 남구 효자동,경상사고,0,0,1,0,차대사람 - 횡단중,안전운전불이행,포장 - 건조,맑음,단일로 - 기타,승용,여,50세,상해없음,보행자,남,7세,경상
2019062000100625,2019년 6월 20일 21시,목요일,경상북도 경주시 노서동,경상사고,0,0,1,0,차대사람 - 차도통행중,안전운전불이행,포장 - 건조,맑음,단일로 - 지하차도(도로)내,승용,남,37세,상해없음,보행자,남,51세,경상
2019062100100101,2019년 6월 21일 07시,금요일,경상북도 군위군 의흥면,중상사고,0,1,0,0,차대사람 - 횡단중,안전운전불이행,포장 - 건조,맑음,단일로 - 기타,승용,여,50세,상해없음,보행자,여,69세,중상
2019062100100136,2019년 6월 21일 08시,금요일,경상북도 상주시 무양동,경상사고,0,0,2,0,차대사람 - 횡단중,보행자보호의무위반,포장 - 건조,맑음,교차로 - 교차로안,자전거,남,14세,경상,보행자,여,27세,경상
2019062100100264,2019년 6월 21일 12시,금요일,경상북도 영천시 문내동,사망사고,1,0,0,0,차대사람 - 횡단중,안전운전불이행,포장 - 건조,맑음,단일로 - 기타,화물,남,71세,상해없음,보행자,남,90세 이상,사망
2019062100100330,2019년 6월 21일 14시,금요일,경상북도 상주시 무양동,중상사고,0,1,0,0,차대사람 - 횡단중,안전운전불이행,포장 - 건조,맑음,단일로 - 기타,승용,여,53세,상해없음,보행자,남,66세,중상
2019062100100426,2019년 6월 21일 16시,금요일,경상북도 칠곡군 왜관읍,중상사고,0,1,0,1,차대사람 - 횡단중,안전운전불이행,포장 - 건조,맑음,교차로 - 교차로안,이륜,남,80세,중상,보행자,여,61세,부상신고
2019062100100535,2019년 6월 21일 18시,금요일,경상북도 구미시 고아읍,중상사고,0,1,0,0,차대사람 - 횡단중,보행자보호의무위반,포장 - 건조,맑음,교차로 - 교차로횡단보도내,승용,남,60세,상해없음,보행자,남,10세,중상
2019062100100536,2019년 6월 21일 18시,금요일,경상북도 구미시 도량동,중상사고,0,1,0,0,차대사람 - 횡단중,보행자보호의무위반,포장 - 건조,맑음,교차로 - 교차로횡단보도내,승용,남,22세,상해없음,보행자,여,18세,중상
2019062200100309,2019년 6월 22일 12시,토요일,경상북도 경주시 노서동,경상사고,0,0,1,0,차대사람 - 횡단중,보행자보호의무위반,포장 - 건조,맑음,단일로 - 기타,승용,남,63세,상해없음,보행자,여,65세,경상
2019062200100316,2019년 6월 22일 12시,토요일,경상북도 경산시 옥산동,경상사고,0,0,1,0,차대사람 - 횡단중,안전운전불이행,포장 - 건조,맑음,교차로 - 교차로안,승용,남,74세,상해없음,보행자,남,23세,경상
2019062200100629,2019년 6월 22일 20시,토요일,경상북도 구미시 고아읍,경상사고,0,0,1,0,차대사람 - 횡단중,보행자보호의무위반,포장 - 건조,맑음,교차로 - 교차로횡단보도내,승용,남,29세,상해없음,보행자,남,7세,경상
2019062200100630,2019년 6월 22일 20시,토요일,경상북도 구미시 상모동,중상사고,0,1,0,0,차대사람 - 횡단중,안전운전불이행,포장 - 건조,맑음,단일로 - 기타,화물,남,62세,상해없음,보행자,여,61세,중상
2019062200100631,2019년 6월 22일 20시,토요일,경상북도 포항시 남구 구룡포읍,중상사고,0,1,0,0,차대사람 - 횡단중,안전운전불이행,포장 - 건조,맑음,단일로 - 기타,승용,여,51세,상해없음,보행자,여,77세,중상
2019062200100700,2019년 6월 22일 22시,토요일,경상북도 포항시 북구 장성동,중상사고,0,2,0,0,차대사람 - 횡단중,안전운전불이행,포장 - 건조,맑음,단일로 - 기타,이륜,남,22세,중상,보행자,남,41세,중상
2019062300100037,2019년 6월 23일 00시,일요일,경상북도 포항시 북구 죽도동,중상사고,0,1,0,0,차대사람 - 차도통행중,안전운전불이행,포장 - 건조,맑음,교차로 - 교차로안,승용,남,33세,상해없음,보행자,남,49세,중상
2019062300100209,2019년 6월 23일 11시,일요일,경상북도 포항시 남구 구룡포읍,부상신고사고,0,0,0,1,차대사람 - 기타,안전운전불이행,포장 - 건조,맑음,단일로 - 기타,승용,여,32세,상해없음,보행자,남,71세,부상신고
2019062300100315,2019년 6월 23일 14시,일요일,경상북도 영덕군 강구면,중상사고,0,1,0,0,차대사람 - 횡단중,안전운전불이행,포장 - 건조,맑음,단일로 - 기타,승용,남,73세,상해없음,보행자,남,6세,중상
2019062300100348,2019년 6월 23일 15시,일요일,경상북도 영주시 평은면,경상사고,0,0,1,0,차대사람 - 기타,안전운전불이행,포장 - 건조,맑음,단일로 - 기타,승용,남,64세,상해없음,보행자,남,56세,경상
2019062300100434,2019년 6월 23일 17시,일요일,경상북도 경주시 동천동,경상사고,0,0,1,0,차대사람 - 기타,보행자보호의무위반,포장 - 건조,맑음,단일로 - 기타,승용,여,50세,상해없음,보행자,남,8세,경상
2019062300100467,2019년 6월 23일 18시,일요일,경상북도 영천시 임고면,경상사고,0,0,1,0,차대사람 - 횡단중,안전운전불이행,포장 - 건조,맑음,단일로 - 기타,승용,남,40세,상해없음,보행자,남,7세,경상
2019062300100555,2019년 6월 23일 21시,일요일,경상북도 영주시 가흥동,중상사고,0,1,0,0,차대사람 - 횡단중,보행자보호의무위반,포장 - 건조,맑음,단일로 - 기타,승용,여,51세,상해없음,보행자,여,19세,중상
2019062300100556,2019년 6월 23일 21시,일요일,경상북도 구미시 원평동,경상사고,0,0,1,0,차대사람 - 보도통행중,기타,포장 - 건조,맑음,단일로 - 기타,이륜,남,44세,상해없음,보행자,여,35세,경상
2019062400100231,2019년 6월 24일 10시,월요일,경상북도 김천시 부곡동,경상사고,0,0,1,0,차대사람 - 횡단중,신호위반,포장 - 건조,맑음,교차로 - 교차로횡단보도내,승용,여,68세,상해없음,보행자,여,52세,경상
2019062400100232,2019년 6월 24일 10시,월요일,경상북도 문경시 산양면,경상사고,0,0,1,0,차대사람 - 횡단중,보행자보호의무위반,포장 - 건조,맑음,교차로 - 교차로안,화물,남,76세,상해없음,보행자,여,79세,경상
2019062400100268,2019년 6월 24일 11시,월요일,경상북도 영주시 가흥동,중상사고,0,1,0,0,차대사람 - 횡단중,보행자보호의무위반,포장 - 건조,맑음,교차로 - 교차로부근,승용,여,58세,상해없음,보행자,여,70세,중상
2019062400100415,2019년 6월 24일 15시,월요일,경상북도 김천시 지좌동,경상사고,0,0,1,0,차대사람 - 횡단중,신호위반,포장 - 건조,맑음,교차로 - 교차로횡단보도내,승용,남,54세,상해없음,보행자,남,65세,경상
2019062400100458,2019년 6월 24일 16시,월요일,경상북도 경산시 압량면,경상사고,0,0,1,0,차대사람 - 횡단중,안전운전불이행,포장 - 건조,맑음,단일로 - 기타,승용,여,58세,상해없음,보행자,남,8세,경상
2019062400100613,2019년 6월 24일 19시,월요일,경상북도 상주시 낙양동,중상사고,0,1,0,0,차대사람 - 횡단중,보행자보호의무위반,포장 - 건조,맑음,교차로 - 교차로안,승합,여,65세,상해없음,보행자,남,11세,중상
2019062400100616,2019년 6월 24일 19시,월요일,경상북도 예천군 예천읍,경상사고,0,0,1,0,차대사람 - 차도통행중,안전운전불이행,포장 - 건조,맑음,단일로 - 기타,승용,여,35세,상해없음,보행자,남,4세,경상
2019062400100643,2019년 6월 24일 20시,월요일,경상북도 포항시 북구 죽도동,중상사고,0,1,0,0,차대사람 - 기타,안전운전불이행,포장 - 건조,맑음,단일로 - 기타,화물,남,50세,상해없음,보행자,여,42세,중상
2019062400100699,2019년 6월 24일 22시,월요일,경상북도 경주시 사정동,중상사고,0,1,0,0,차대사람 - 횡단중,안전운전불이행,포장 - 건조,맑음,교차로 - 교차로안,승용,남,64세,상해없음,보행자,남,61세,중상
2019062400100712,2019년 6월 24일 23시,월요일,경상북도 포항시 북구 학잠동,경상사고,0,0,1,0,차대사람 - 기타,안전운전불이행,포장 - 건조,맑음,교차로 - 교차로부근,승용,남,39세,상해없음,보행자,남,61세,경상
2019062500100104,2019년 6월 25일 07시,화요일,경상북도 구미시 도량동,경상사고,0,0,1,0,차대사람 - 기타,안전운전불이행,포장 - 건조,맑음,단일로 - 기타,승용,여,57세,상해없음,보행자,남,67세,경상
2019062500100221,2019년 6월 25일 10시,화요일,경상북도 안동시 옥동,경상사고,0,0,1,0,차대사람 - 횡단중,안전운전불이행,포장 - 건조,맑음,단일로 - 기타,이륜,남,30세,상해없음,보행자,여,52세,경상
2019062500100363,2019년 6월 25일 14시,화요일,경상북도 안동시 풍산읍,경상사고,0,0,1,0,차대사람 - 기타,안전운전불이행,포장 - 건조,맑음,단일로 - 기타,농기계,남,50세,상해없음,보행자,남,57세,경상
2019062500100399,2019년 6월 25일 15시,화요일,경상북도 김천시 황금동,중상사고,0,1,0,0,차대사람 - 횡단중,보행자보호의무위반,포장 - 건조,맑음,교차로 - 교차로횡단보도내,화물,남,66세,상해없음,보행자,여,63세,중상
2019062500100402,2019년 6월 25일 15시,화요일,경상북도 구미시 인의동,경상사고,0,0,1,0,차대사람 - 횡단중,보행자보호의무위반,포장 - 건조,맑음,교차로 - 교차로횡단보도내,승용,여,49세,상해없음,보행자,남,8세,경상
2019062500100451,2019년 6월 25일 16시,화요일,경상북도 경주시 시래동,중상사고,0,1,1,0,차대사람 - 차도통행중,안전운전불이행,포장 - 건조,맑음,단일로 - 지하차도(도로)내,승용,남,50세,상해없음,보행자,여,90세 이상,중상
2019062500100622,2019년 6월 25일 19시,화요일,경상북도 경주시 용강동,중상사고,0,1,0,0,차대사람 - 차도통행중,안전운전불이행,포장 - 건조,맑음,단일로 - 기타,승용,남,39세,상해없음,보행자,여,52세,중상
2019062600100123,2019년 6월 26일 08시,수요일,경상북도 김천시 신음동,중상사고,0,1,0,0,차대사람 - 기타,안전운전불이행,포장 - 건조,맑음,단일로 - 기타,승용,여,40세,상해없음,보행자,남,82세,중상
2019062600100205,2019년 6월 26일 10시,수요일,경상북도 경산시 하양읍,중상사고,0,1,0,0,차대사람 - 횡단중,신호위반,포장 - 젖음/습기,비,교차로 - 교차로횡단보도내,승용,남,54세,상해없음,보행자,여,17세,중상
2019062600100346,2019년 6월 26일 14시,수요일,경상북도 안동시 용상동,중상사고,0,1,0,0,차대사람 - 길가장자리구역통행중,안전운전불이행,포장 - 젖음/습기,비,단일로 - 기타,승용,남,30세,상해없음,보행자,여,59세,중상
2019062600100592,2019년 6월 26일 19시,수요일,경상북도 구미시 상모동,중상사고,0,1,1,0,차대사람 - 기타,보행자보호의무위반,포장 - 건조,맑음,단일로 - 기타,승용,여,60세,상해없음,보행자,여,60세,중상
2019062600100656,2019년 6월 26일 21시,수요일,경상북도 구미시 송정동,중상사고,0,1,0,0,차대사람 - 횡단중,안전운전불이행,포장 - 젖음/습기,비,단일로 - 기타,승용,남,56세,상해없음,보행자,여,51세,중상
2019062600100686,2019년 6월 26일 22시,수요일,경상북도 포항시 북구 장성동,경상사고,0,0,1,0,차대사람 - 기타,안전운전불이행,포장 - 젖음/습기,비,단일로 - 기타,승용,남,54세,상해없음,보행자,남,60세,경상
2019062700100069,2019년 6월 27일 05시,목요일,경상북도 성주군 선남면,사망사고,1,0,0,0,차대사람 - 기타,안전운전불이행,포장 - 젖음/습기,비,단일로 - 기타,화물,남,47세,상해없음,보행자,남,84세,사망
2019062700100153,2019년 6월 27일 08시,목요일,경상북도 구미시 선산읍,사망사고,1,0,0,0,차대사람 - 기타,신호위반,포장 - 젖음/습기,비,교차로 - 교차로안,화물,여,58세,상해없음,보행자,여,76세,사망
2019062700100349,2019년 6월 27일 14시,목요일,경상북도 영주시 영주동,중상사고,0,1,0,0,차대사람 - 횡단중,안전운전불이행,포장 - 건조,맑음,교차로 - 교차로안,승용,남,63세,상해없음,보행자,여,82세,중상
2019062700100390,2019년 6월 27일 15시,목요일,경상북도 칠곡군 석적읍,중상사고,0,1,0,0,차대사람 - 차도통행중,안전운전불이행,포장 - 건조,맑음,단일로 - 기타,승용,남,45세,상해없음,보행자,여,10세,중상
2019062700100433,2019년 6월 27일 16시,목요일,경상북도 상주시 외서면,사망사고,1,0,0,0,차대사람 - 횡단중,안전운전불이행,포장 - 건조,맑음,단일로 - 기타,승용,남,60세,상해없음,보행자,여,90세 이상,사망
2019062700100435,2019년 6월 27일 16시,목요일,경상북도 영천시 북안면,경상사고,0,0,1,0,차대사람 - 길가장자리구역통행중,안전운전불이행,포장 - 건조,맑음,단일로 - 기타,기타불명,기타불명,미분류,기타불명,보행자,여,69세,경상
2019062700100436,2019년 6월 27일 16시,목요일,경상북도 포항시 남구 해도동,중상사고,0,1,0,0,차대사람 - 기타,안전운전불이행,포장 - 건조,맑음,교차로 - 교차로부근,승용,남,43세,상해없음,보행자,여,65세,중상
2019062700100607,2019년 6월 27일 21시,목요일,경상북도 경주시 동부동,경상사고,0,0,1,0,차대사람 - 횡단중,안전운전불이행,포장 - 젖음/습기,흐림,교차로 - 교차로부근,승용,남,58세,상해없음,보행자,남,47세,경상
2019062800100293,2019년 6월 28일 12시,금요일,경상북도 경주시 동천동,경상사고,0,0,1,0,차대사람 - 기타,안전운전불이행,포장 - 젖음/습기,비,단일로 - 기타,이륜,남,43세,상해없음,보행자,남,26세,경상
2019062800100451,2019년 6월 28일 16시,금요일,경상북도 구미시 해평면,중상사고,0,1,0,0,차대사람 - 기타,신호위반,포장 - 건조,맑음,교차로 - 교차로안,화물,남,48세,상해없음,보행자,여,19세,중상
2019062800100491,2019년 6월 28일 17시,금요일,경상북도 상주시 서성동,중상사고,0,1,0,0,차대사람 - 기타,안전운전불이행,포장 - 건조,맑음,단일로 - 기타,승용,남,33세,상해없음,보행자,여,15세,중상
2019062900100423,2019년 6월 29일 16시,토요일,경상북도 영주시 휴천동,경상사고,0,0,1,0,차대사람 - 횡단중,신호위반,포장 - 젖음/습기,비,교차로 - 교차로횡단보도내,승용,여,63세,상해없음,보행자,여,17세,경상
2019063000100064,2019년 6월 30일 03시,일요일,경상북도 구미시 원평동,경상사고,0,0,1,0,차대사람 - 기타,안전운전불이행,포장 - 젖음/습기,흐림,교차로 - 교차로부근,승용,남,35세,상해없음,보행자,남,38세,경상
2019063000100219,2019년 6월 30일 13시,일요일,경상북도 경산시 하양읍,부상신고사고,0,0,0,1,차대사람 - 차도통행중,안전운전불이행,포장 - 건조,맑음,단일로 - 기타,승용,남,78세,상해없음,보행자,여,29세,부상신고
2019063000100396,2019년 6월 30일 20시,일요일,경상북도 영천시 완산동,경상사고,0,0,1,0,차대사람 - 기타,안전운전불이행,포장 - 건조,맑음,교차로 - 교차로부근,승용,남,58세,상해없음,보행자,여,21세,경상
2019063000100398,2019년 6월 30일 20시,일요일,경상북도 포항시 남구 오천읍,중상사고,0,1,0,0,차대사람 - 기타,안전운전불이행,포장 - 건조,맑음,교차로 - 교차로안,승용,남,42세,상해없음,보행자,남,60세,중상
2019070100100236,2019년 7월 1일 10시,월요일,경상북도 포항시 북구 두호동,경상사고,0,0,1,0,차대사람 - 기타,기타,포장 - 건조,맑음,기타 - 기타,승용,남,76세,상해없음,보행자,여,33세,경상
2019070100100356,2019년 7월 1일 14시,월요일,경상북도 포항시 북구 죽도동,경상사고,0,0,1,0,차대사람 - 기타,안전운전불이행,포장 - 건조,맑음,교차로 - 교차로안,승용,남,40세,상해없음,보행자,남,46세,경상
2019070100100357,2019년 7월 1일 14시,월요일,경상북도 포항시 북구 양덕동,경상사고,0,0,1,0,차대사람 - 횡단중,안전운전불이행,포장 - 건조,맑음,교차로 - 교차로횡단보도내,화물,남,43세,상해없음,보행자,여,60세,경상
2019070100100450,2019년 7월 1일 16시,월요일,경상북도 칠곡군 동명면,부상신고사고,0,0,0,1,차대사람 - 횡단중,안전운전불이행,포장 - 건조,맑음,교차로 - 교차로부근,화물,남,69세,상해없음,보행자,여,88세,부상신고
2019070100100492,2019년 7월 1일 17시,월요일,경상북도 영천시 임고면,사망사고,1,0,0,0,차대사람 - 횡단중,보행자보호의무위반,포장 - 건조,맑음,교차로 - 교차로안,승용,여,67세,상해없음,보행자,남,72세,사망
2019070100100536,2019년 7월 1일 18시,월요일,경상북도 영덕군 영덕읍,중상사고,0,1,0,0,차대사람 - 길가장자리구역통행중,안전운전불이행,포장 - 건조,맑음,단일로 - 기타,승용,여,62세,상해없음,보행자,남,66세,중상
2019070200100189,2019년 7월 2일 09시,화요일,경상북도 포항시 남구 해도동,경상사고,0,0,1,0,차대사람 - 횡단중,보행자보호의무위반,포장 - 건조,맑음,교차로 - 교차로횡단보도내,승용,남,72세,상해없음,보행자,여,24세,경상
2019070200100500,2019년 7월 2일 18시,화요일,경상북도 구미시 형곡동,경상사고,0,0,1,0,차대사람 - 횡단중,보행자보호의무위반,포장 - 건조,맑음,교차로 - 교차로부근,승용,여,56세,상해없음,보행자,남,7세,경상
2019070200100501,2019년 7월 2일 18시,화요일,경상북도 구미시 송정동,경상사고,0,0,1,0,차대사람 - 횡단중,보행자보호의무위반,포장 - 건조,맑음,단일로 - 기타,승용,남,56세,상해없음,보행자,남,8세,경상
2019070200100502,2019년 7월 2일 18시,화요일,경상북도 포항시 남구 오천읍,중상사고,0,1,0,0,차대사람 - 기타,안전운전불이행,포장 - 건조,맑음,교차로 - 교차로안,승용,남,32세,상해없음,보행자,여,69세,중상
2019070200100608,2019년 7월 2일 22시,화요일,경상북도 영주시 가흥동,경상사고,0,0,1,0,차대사람 - 차도통행중,안전운전불이행,포장 - 건조,맑음,교차로 - 교차로안,승용,남,24세,상해없음,보행자,남,49세,경상
2019070300100441,2019년 7월 3일 17시,수요일,경상북도 경주시 황성동,중상사고,0,1,0,0,차대사람 - 차도통행중,안전운전불이행,포장 - 건조,맑음,단일로 - 지하차도(도로)내,화물,남,66세,상해없음,보행자,남,57세,중상
2019070300100444,2019년 7월 3일 17시,수요일,경상북도 칠곡군 왜관읍,중상사고,0,1,0,0,차대사람 - 차도통행중,안전운전불이행,포장 - 건조,맑음,교차로 - 교차로부근,화물,남,60세,상해없음,보행자,여,90세 이상,중상
2019070300100552,2019년 7월 3일 20시,수요일,경상북도 포항시 남구 오천읍,경상사고,0,0,1,0,차대사람 - 횡단중,보행자보호의무위반,포장 - 건조,맑음,교차로 - 교차로횡단보도내,화물,남,45세,상해없음,보행자,남,57세,경상
2019070300100579,2019년 7월 3일 21시,수요일,경상북도 칠곡군 왜관읍,사망사고,1,0,0,0,차대사람 - 횡단중,안전운전불이행,포장 - 건조,맑음,단일로 - 기타,화물,여,70세,상해없음,보행자,남,46세,사망
2019070400100098,2019년 7월 4일 07시,목요일,경상북도 경주시 동천동,중상사고,0,1,0,0,차대사람 - 길가장자리구역통행중,안전운전불이행,포장 - 건조,맑음,교차로 - 교차로부근,승합,남,43세,상해없음,보행자,여,73세,중상
2019070400100101,2019년 7월 4일 07시,목요일,경상북도 포항시 남구 송도동,중상사고,0,1,0,0,차대사람 - 기타,안전운전불이행,포장 - 건조,맑음,단일로 - 기타,화물,남,67세,상해없음,보행자,남,44세,중상
2019070400100436,2019년 7월 4일 16시,목요일,경상북도 경산시 중산동,경상사고,0,0,1,0,차대사람 - 보도통행중,기타,포장 - 건조,맑음,단일로 - 기타,이륜,남,16세,상해없음,보행자,여,49세,경상
2019070400100588,2019년 7월 4일 20시,목요일,경상북도 영양군 영양읍,중상사고,0,1,0,0,차대사람 - 차도통행중,안전운전불이행,포장 - 건조,맑음,단일로 - 기타,승합,남,46세,상해없음,보행자,남,76세,중상
2019070500100155,2019년 7월 5일 08시,금요일,경상북도 포항시 북구 중앙동,경상사고,0,0,1,0,차대사람 - 기타,안전운전불이행,포장 - 건조,맑음,교차로 - 교차로부근,승용,남,64세,상해없음,보행자,여,66세,경상
2019070500100159,2019년 7월 5일 08시,금요일,경상북도 포항시 남구 해도동,경상사고,0,0,1,0,차대사람 - 기타,안전운전불이행,포장 - 건조,맑음,단일로 - 기타,승용,여,58세,상해없음,보행자,남,66세,경상
2019070500100199,2019년 7월 5일 09시,금요일,경상북도 영주시 영주동,중상사고,0,1,0,0,차대사람 - 기타,안전운전불이행,포장 - 건조,맑음,교차로 - 교차로횡단보도내,화물,남,70세,상해없음,보행자,여,75세,중상
2019070500100289,2019년 7월 5일 12시,금요일,경상북도 포항시 남구 동해면,중상사고,0,1,0,0,차대사람 - 기타,기타,포장 - 건조,맑음,단일로 - 기타,화물,남,41세,상해없음,보행자,여,57세,중상
2019070500100546,2019년 7월 5일 18시,금요일,경상북도 포항시 북구 죽도동,경상사고,0,0,1,0,차대사람 - 기타,안전운전불이행,포장 - 건조,맑음,교차로 - 교차로안,승용,남,22세,상해없음,보행자,여,10세,경상
2019070500100646,2019년 7월 5일 21시,금요일,경상북도 칠곡군 북삼읍,경상사고,0,0,1,0,차대사람 - 횡단중,안전운전불이행,포장 - 건조,맑음,단일로 - 기타,승용,남,56세,상해없음,보행자,여,5세,경상
2019070500100647,2019년 7월 5일 21시,금요일,경상북도 경산시 진량읍,경상사고,0,0,1,0,차대사람 - 기타,안전운전불이행,포장 - 건조,맑음,교차로 - 교차로안,승용,남,25세,상해없음,보행자,남,64세,경상
2019070500100649,2019년 7월 5일 21시,금요일,경상북도 구미시 봉곡동,사망사고,1,0,0,0,차대사람 - 횡단중,보행자보호의무위반,포장 - 건조,맑음,교차로 - 교차로안,승용,남,45세,상해없음,보행자,여,56세,사망
2019070600100043,2019년 7월 6일 00시,토요일,경상북도 성주군 성주읍,중상사고,0,1,0,0,차대사람 - 기타,안전운전불이행,포장 - 건조,맑음,교차로 - 교차로부근,승용,여,55세,상해없음,보행자,남,47세,중상
2019070600100076,2019년 7월 6일 02시,토요일,경상북도 상주시 서성동,중상사고,0,1,0,0,차대사람 - 기타,안전운전불이행,포장 - 건조,맑음,단일로 - 기타,승용,남,51세,상해없음,보행자,남,52세,중상
2019070600100366,2019년 7월 6일 13시,토요일,경상북도 영주시 가흥동,부상신고사고,0,0,0,1,차대사람 - 기타,안전운전불이행,포장 - 건조,맑음,단일로 - 기타,특수,남,55세,상해없음,보행자,남,70세,부상신고
2019070600100411,2019년 7월 6일 14시,토요일,경상북도 구미시 봉곡동,경상사고,0,0,1,0,차대사람 - 횡단중,보행자보호의무위반,포장 - 건조,맑음,교차로 - 교차로횡단보도내,자전거,여,51세,상해없음,보행자,여,30세,경상
2019070600100670,2019년 7월 6일 21시,토요일,경상북도 경주시 황성동,중상사고,0,1,0,0,차대사람 - 횡단중,안전운전불이행,포장 - 건조,맑음,교차로 - 교차로부근,특수,남,47세,상해없음,보행자,남,51세,중상
2019070600100696,2019년 7월 6일 22시,토요일,경상북도 포항시 남구 상도동,중상사고,0,1,0,0,차대사람 - 횡단중,안전운전불이행,포장 - 건조,맑음,교차로 - 교차로부근,승용,남,67세,상해없음,보행자,남,45세,중상