사고번호,사고일시,요일,시군구,사고내용,사망자수,중상자수,경상자수,부상신고자수,사고유형,법규위반,노면상태,기상상태,도로형태,가해운전자 차종,가해운전자 성별,가해운전자 연령,가해운전자 상해정도,피해운전자 차종,피해운전자 성별,피해운전자 연령,피해운전자 상해정도
2019081100100469,2019년 8월 11일 21시,일요일,경상북도 구미시 송정동,중상사고,0,1,0,0,차대사람 - 기타,기타,포장 - 건조,맑음,기타 - 기타,승용,남,46세,상해없음,보행자,남,48세,중상
2019081200100226,2019년 8월 12일 10시,월요일,경상북도 경주시 황성동,경상사고,0,0,1,0,차대사람 - 기타,기타,포장 - 건조,맑음,단일로 - 기타,화물,남,61세,상해없음,보행자,여,58세,경상
2019081200100273,2019년 8월 12일 11시,월요일,경상북도 울진군 근남면,사망사고,1,0,0,0,차대사람 - 횡단중,안전운전불이행,포장 - 건조,맑음,단일로 - 기타,승용,남,40세,상해없음,보행자,남,75세,사망
2019081200100495,2019년 8월 12일 16시,월요일,경상북도 안동시 와룡면,중상사고,0,1,0,0,차대사람 - 길가장자리구역통행중,안전운전불이행,포장 - 건조,맑음,단일로 - 기타,화물,남,63세,상해없음,보행자,여,78세,중상
2019081200100497,2019년 8월 12일 16시,월요일,경상북도 영천시 야사동,중상사고,0,1,0,0,차대사람 - 횡단중,안전운전불이행,포장 - 건조,맑음,단일로 - 기타,승용,여,43세,상해없음,보행자,여,6세,중상
2019081200100581,2019년 8월 12일 18시,월요일,경상북도 상주시 서문동,경상사고,0,0,1,0,차대사람 - 길가장자리구역통행중,안전운전불이행,포장 - 건조,맑음,단일로 - 기타,승용,여,48세,상해없음,보행자,여,19세,경상
2019081200100683,2019년 8월 12일 21시,월요일,경상북도 포항시 북구 죽도동,경상사고,0,0,1,0,차대사람 - 횡단중,안전운전불이행,포장 - 건조,맑음,교차로 - 교차로안,승용,여,32세,기타불명,보행자,남,61세,경상
2019081200100684,2019년 8월 12일 21시,월요일,경상북도 안동시 용상동,경상사고,0,0,1,0,차대사람 - 길가장자리구역통행중,안전운전불이행,포장 - 건조,맑음,단일로 - 기타,승용,남,60세,상해없음,보행자,남,45세,경상
2019081200100685,2019년 8월 12일 21시,월요일,경상북도 포항시 남구 일월동,부상신고사고,0,0,0,1,차대사람 - 기타,안전운전불이행,포장 - 건조,맑음,단일로 - 기타,승용,남,53세,상해없음,보행자,남,20세,부상신고
2019081300100069,2019년 8월 13일 05시,화요일,경상북도 상주시 무양동,경상사고,0,0,1,0,차대사람 - 기타,안전운전불이행,포장 - 건조,맑음,단일로 - 기타,승용,남,57세,상해없음,보행자,남,63세,경상
2019081300100204,2019년 8월 13일 10시,화요일,경상북도 안동시 삼산동,경상사고,0,0,1,0,차대사람 - 기타,안전운전불이행,포장 - 건조,맑음,교차로 - 교차로부근,화물,남,40세,상해없음,보행자,여,23세,경상
2019081300100206,2019년 8월 13일 10시,화요일,경상북도 칠곡군 북삼읍,중상사고,0,1,0,0,차대사람 - 횡단중,신호위반,포장 - 건조,맑음,교차로 - 교차로안,승합,남,63세,상해없음,보행자,여,26세,중상
2019081300100330,2019년 8월 13일 13시,화요일,경상북도 포항시 남구 지곡동,중상사고,0,1,0,0,차대사람 - 기타,신호위반,포장 - 건조,맑음,교차로 - 교차로횡단보도내,승용,여,59세,상해없음,보행자,남,28세,중상
2019081300100659,2019년 8월 13일 21시,화요일,경상북도 칠곡군 동명면,사망사고,1,0,1,0,차대사람 - 횡단중,안전운전불이행,포장 - 건조,맑음,단일로 - 기타,승용,남,62세,경상,보행자,남,54세,사망
2019081300100660,2019년 8월 13일 21시,화요일,경상북도 예천군 유천면,경상사고,0,0,2,0,차대사람 - 차도통행중,안전운전불이행,포장 - 건조,맑음,교차로 - 교차로부근,승용,남,19세,상해없음,보행자,남,20세,경상
2019081400100165,2019년 8월 14일 08시,수요일,경상북도 구미시 옥계동,경상사고,0,0,1,0,차대사람 - 기타,안전운전불이행,포장 - 건조,맑음,교차로 - 교차로부근,기타불명,기타불명,미분류,기타불명,보행자,여,42세,경상
2019081400100290,2019년 8월 14일 11시,수요일,경상북도 경산시 중방동,경상사고,0,0,1,0,차대사람 - 길가장자리구역통행중,안전운전불이행,포장 - 건조,맑음,단일로 - 기타,승용,여,31세,상해없음,보행자,여,39세,경상
2019081400100453,2019년 8월 14일 15시,수요일,경상북도 구미시 옥계동,부상신고사고,0,0,0,1,차대사람 - 기타,안전운전불이행,포장 - 건조,맑음,기타 - 기타,기타불명,기타불명,미분류,기타불명,보행자,여,9세,부상신고
2019081400100537,2019년 8월 14일 17시,수요일,경상북도 안동시 옥동,경상사고,0,0,1,0,차대사람 - 기타,안전운전불이행,포장 - 건조,맑음,교차로 - 교차로부근,승용,여,39세,상해없음,보행자,여,26세,경상
2019081400100733,2019년 8월 14일 21시,수요일,경상북도 경산시 진량읍,중상사고,0,1,0,0,차대사람 - 횡단중,신호위반,포장 - 건조,맑음,교차로 - 교차로횡단보도내,이륜,기타불명,19세,기타불명,보행자,여,46세,중상
2019081500100131,2019년 8월 15일 09시,목요일,경상북도 구미시 도개면,중상사고,0,1,0,0,차대사람 - 횡단중,안전운전불이행,포장 - 건조,맑음,단일로 - 기타,승합,남,42세,상해없음,보행자,여,55세,중상
2019081500100348,2019년 8월 15일 16시,목요일,경상북도 구미시 임은동,중상사고,0,1,0,0,차대사람 - 횡단중,보행자보호의무위반,포장 - 젖음/습기,비,교차로 - 교차로부근,승용,여,38세,상해없음,보행자,남,23세,중상
2019081500100435,2019년 8월 15일 19시,목요일,경상북도 구미시 구포동,경상사고,0,0,1,0,차대사람 - 기타,안전운전불이행,포장 - 젖음/습기,흐림,교차로 - 교차로부근,승용,남,57세,상해없음,보행자,남,70세,경상
2019081500100529,2019년 8월 15일 23시,목요일,경상북도 경주시 노서동,중상사고,0,1,1,0,차대사람 - 횡단중,보행자보호의무위반,포장 - 건조,맑음,교차로 - 교차로횡단보도내,승용,남,67세,상해없음,보행자,여,49세,중상
2019081600100030,2019년 8월 16일 01시,금요일,경상북도 안동시 옥동,경상사고,0,0,1,0,차대사람 - 기타,안전운전불이행,포장 - 젖음/습기,비,단일로 - 기타,승용,남,20세,상해없음,보행자,남,20세,경상
2019081600100126,2019년 8월 16일 08시,금요일,경상북도 구미시 원평동,중상사고,0,1,0,0,차대사람 - 기타,안전운전불이행,포장 - 젖음/습기,비,단일로 - 기타,승용,남,72세,상해없음,보행자,남,71세,중상
2019081600100251,2019년 8월 16일 11시,금요일,경상북도 문경시 점촌동,중상사고,0,1,0,0,차대사람 - 기타,기타,포장 - 건조,맑음,교차로 - 교차로부근,화물,남,46세,상해없음,보행자,여,81세,중상
2019081600100370,2019년 8월 16일 14시,금요일,경상북도 포항시 남구 효자동,경상사고,0,0,1,0,차대사람 - 기타,안전운전불이행,포장 - 건조,맑음,교차로 - 교차로안,승합,남,26세,상해없음,보행자,여,74세,경상
2019081600100408,2019년 8월 16일 15시,금요일,경상북도 영천시 야사동,중상사고,0,1,0,0,차대사람 - 보도통행중,안전운전불이행,포장 - 건조,맑음,단일로 - 기타,승용,여,62세,상해없음,보행자,여,71세,중상
2019081600100409,2019년 8월 16일 15시,금요일,경상북도 경산시 하양읍,경상사고,0,0,1,0,차대사람 - 기타,안전운전불이행,포장 - 기타,맑음,단일로 - 기타,승용,여,58세,상해없음,보행자,남,58세,경상
2019081600100484,2019년 8월 16일 17시,금요일,경상북도 경주시 황성동,중상사고,0,1,0,0,차대사람 - 길가장자리구역통행중,안전운전불이행,포장 - 건조,맑음,교차로 - 교차로안,승용,여,38세,상해없음,보행자,여,51세,중상
2019081600100485,2019년 8월 16일 17시,금요일,경상북도 포항시 북구 흥해읍,중상사고,0,1,0,0,차대사람 - 기타,안전운전불이행,포장 - 건조,맑음,단일로 - 기타,화물,남,62세,상해없음,보행자,남,68세,중상
2019081600100646,2019년 8월 16일 21시,금요일,경상북도 경산시 삼북동,부상신고사고,0,0,0,2,차대사람 - 기타,안전운전불이행,포장 - 건조,맑음,단일로 - 기타,승용,남,46세,상해없음,보행자,남,47세,부상신고
2019081600100677,2019년 8월 16일 22시,금요일,경상북도 포항시 북구 흥해읍,부상신고사고,0,0,0,1,차대사람 - 기타,안전운전불이행,포장 - 건조,맑음,단일로 - 기타,승용,남,61세,상해없음,보행자,남,45세,부상신고
2019081700100025,2019년 8월 17일 00시,토요일,경상북도 포항시 북구 죽도동,중상사고,0,1,0,0,차대사람 - 기타,안전운전불이행,포장 - 건조,맑음,단일로 - 기타,승용,남,67세,상해없음,보행자,남,51세,중상
2019081700100173,2019년 8월 17일 10시,토요일,경상북도 안동시 옥동,중상사고,0,1,0,0,차대사람 - 횡단중,보행자보호의무위반,포장 - 건조,맑음,교차로 - 교차로횡단보도내,화물,남,65세,상해없음,보행자,여,23세,중상
2019081700100209,2019년 8월 17일 11시,토요일,경상북도 청도군 청도읍,경상사고,0,0,1,0,차대사람 - 횡단중,안전운전불이행,포장 - 건조,맑음,기타 - 기타,승용,남,62세,상해없음,보행자,남,62세,경상
2019081700100240,2019년 8월 17일 12시,토요일,경상북도 영주시 영주동,경상사고,0,0,1,0,차대사람 - 횡단중,안전운전불이행,포장 - 건조,맑음,교차로 - 교차로안,승용,여,63세,상해없음,보행자,남,79세,경상
2019081700100372,2019년 8월 17일 15시,토요일,경상북도 문경시 농암면,경상사고,0,0,1,0,차대사람 - 차도통행중,안전운전불이행,포장 - 건조,맑음,단일로 - 기타,승용,남,83세,상해없음,보행자,남,57세,경상
2019081700100409,2019년 8월 17일 16시,토요일,경상북도 김천시 아포읍,중상사고,0,1,0,0,차대사람 - 횡단중,안전운전불이행,포장 - 건조,맑음,교차로 - 교차로안,승용,여,35세,상해없음,보행자,여,67세,중상
2019081700100535,2019년 8월 17일 19시,토요일,경상북도 포항시 남구 송도동,중상사고,0,1,0,0,차대사람 - 횡단중,보행자보호의무위반,포장 - 건조,맑음,교차로 - 교차로횡단보도내,승용,남,65세,상해없음,보행자,남,64세,중상
2019081700100599,2019년 8월 17일 21시,토요일,경상북도 영주시 가흥동,부상신고사고,0,0,0,1,차대사람 - 기타,안전운전불이행,포장 - 건조,맑음,교차로 - 교차로안,승용,남,53세,상해없음,보행자,남,49세,부상신고
2019081700100626,2019년 8월 17일 22시,토요일,경상북도 경산시 조영동,경상사고,0,0,1,0,차대사람 - 횡단중,안전운전불이행,포장 - 건조,맑음,교차로 - 교차로안,승용,남,56세,상해없음,보행자,남,19세,경상
2019081800100182,2019년 8월 18일 12시,일요일,경상북도 칠곡군 석적읍,경상사고,0,0,1,0,차대사람 - 기타,안전운전불이행,포장 - 건조,맑음,단일로 - 기타,승합,남,54세,상해없음,보행자,여,21세,경상
2019081800100244,2019년 8월 18일 14시,일요일,경상북도 김천시 대항면,경상사고,0,0,1,0,차대사람 - 횡단중,신호위반,포장 - 건조,맑음,교차로 - 교차로횡단보도내,화물,남,54세,상해없음,보행자,여,52세,경상
2019081800100412,2019년 8월 18일 20시,일요일,경상북도 경주시 하동,경상사고,0,0,1,0,차대사람 - 기타,안전운전불이행,포장 - 건조,맑음,주차장 - 주차장,승용,남,30세,상해없음,보행자,남,37세,경상
2019081800100413,2019년 8월 18일 20시,일요일,경상북도 구미시 공단동,경상사고,0,0,1,0,차대사람 - 기타,안전운전불이행,포장 - 건조,맑음,단일로 - 기타,승합,남,55세,상해없음,보행자,남,17세,경상
2019081900100365,2019년 8월 19일 15시,월요일,경상북도 영천시 망정동,부상신고사고,0,0,0,1,차대사람 - 횡단중,안전운전불이행,포장 - 건조,맑음,교차로 - 교차로부근,승용,남,43세,상해없음,보행자,여,12세,부상신고
2019081900100483,2019년 8월 19일 18시,월요일,경상북도 포항시 북구 항구동,경상사고,0,0,1,0,차대사람 - 기타,안전운전불이행,포장 - 건조,맑음,단일로 - 기타,승용,여,46세,상해없음,보행자,여,21세,경상
2019081900100526,2019년 8월 19일 19시,월요일,경상북도 포항시 남구 송도동,중상사고,0,1,0,0,차대사람 - 횡단중,보행자보호의무위반,포장 - 건조,맑음,단일로 - 기타,승용,남,36세,상해없음,보행자,여,66세,중상
2019081900100553,2019년 8월 19일 20시,월요일,경상북도 안동시 용상동,경상사고,0,0,1,0,차대사람 - 횡단중,안전운전불이행,포장 - 건조,맑음,단일로 - 기타,승용,남,48세,상해없음,보행자,남,18세,경상
2019081900100620,2019년 8월 19일 23시,월요일,경상북도 포항시 북구 항구동,중상사고,0,1,0,0,차대사람 - 횡단중,신호위반,포장 - 젖음/습기,비,교차로 - 교차로부근,이륜,남,20세,상해없음,보행자,여,75세,중상
2019082000100175,2019년 8월 20일 09시,화요일,경상북도 김천시 부항면,중상사고,0,1,0,0,차대사람 - 기타,안전운전불이행,포장 - 건조,맑음,단일로 - 기타,승용,여,60세,상해없음,보행자,여,77세,중상
2019082000100210,2019년 8월 20일 10시,화요일,경상북도 포항시 북구 흥해읍,경상사고,0,0,1,0,차대사람 - 횡단중,안전운전불이행,포장 - 건조,맑음,단일로 - 기타,승용,남,48세,상해없음,보행자,남,68세,경상
2019082000100241,2019년 8월 20일 11시,화요일,경상북도 포항시 북구 두호동,경상사고,0,0,1,0,차대사람 - 횡단중,안전운전불이행,포장 - 건조,맑음,단일로 - 기타,승용,남,27세,상해없음,보행자,여,9세,경상
2019082000100244,2019년 8월 20일 11시,화요일,경상북도 영덕군 영덕읍,경상사고,0,0,1,0,차대사람 - 횡단중,안전운전불이행,포장 - 건조,맑음,교차로 - 교차로안,승용,여,43세,상해없음,보행자,여,42세,경상
2019082000100245,2019년 8월 20일 11시,화요일,경상북도 성주군 수륜면,중상사고,0,1,0,0,차대사람 - 기타,안전운전불이행,포장 - 건조,맑음,교차로 - 교차로부근,승용,남,43세,상해없음,보행자,남,60세,중상
2019082000100343,2019년 8월 20일 14시,화요일,경상북도 경주시 노동동,중상사고,0,1,1,0,차대사람 - 횡단중,안전운전불이행,포장 - 건조,맑음,교차로 - 교차로부근,이륜,남,17세,상해없음,보행자,여,21세,중상
2019082000100420,2019년 8월 20일 16시,화요일,경상북도 김천시 용두동,경상사고,0,0,1,0,차대사람 - 횡단중,보행자보호의무위반,포장 - 건조,맑음,교차로 - 교차로횡단보도내,화물,남,78세,상해없음,보행자,여,70세,경상
2019082000100458,2019년 8월 20일 17시,화요일,경상북도 군위군 의흥면,중상사고,0,1,0,0,차대사람 - 기타,안전운전불이행,포장 - 건조,맑음,단일로 - 기타,승용,남,82세,상해없음,보행자,여,71세,중상
2019082000100543,2019년 8월 20일 19시,화요일,경상북도 칠곡군 왜관읍,경상사고,0,0,1,0,차대사람 - 횡단중,안전운전불이행,포장 - 건조,맑음,기타 - 기타,기타불명,기타불명,미분류,기타불명,보행자,남,59세,경상
2019082100100053,2019년 8월 21일 02시,수요일,경상북도 경주시 동천동,경상사고,0,0,1,0,차대사람 - 기타,기타,포장 - 건조,맑음,교차로 - 교차로부근,승용,여,60세,상해없음,보행자,여,50세,경상
2019082100100087,2019년 8월 21일 06시,수요일,경상북도 경주시 성동동,중상사고,0,1,0,0,차대사람 - 차도통행중,안전운전불이행,포장 - 건조,맑음,단일로 - 기타,화물,남,44세,상해없음,보행자,여,82세,중상
2019082100100233,2019년 8월 21일 11시,수요일,경상북도 포항시 북구 죽도동,부상신고사고,0,0,0,1,차대사람 - 차도통행중,안전운전불이행,포장 - 건조,맑음,단일로 - 기타,승용,여,68세,상해없음,보행자,여,67세,부상신고
2019082100100375,2019년 8월 21일 15시,수요일,경상북도 포항시 북구 기계면,경상사고,0,0,1,0,차대사람 - 기타,안전운전불이행,포장 - 건조,맑음,교차로 - 교차로부근,화물,남,45세,상해없음,보행자,여,75세,경상
2019082100100465,2019년 8월 21일 17시,수요일,경상북도 포항시 북구 장성동,경상사고,0,0,1,0,차대사람 - 횡단중,안전운전불이행,포장 - 건조,맑음,교차로 - 교차로안,승합,남,59세,상해없음,보행자,여,28세,경상
2019082100100709,2019년 8월 21일 23시,수요일,경상북도 포항시 북구 죽도동,중상사고,0,1,0,0,차대사람 - 기타,안전운전불이행,포장 - 젖음/습기,비,단일로 - 기타,기타불명,기타불명,미분류,기타불명,보행자,여,62세,중상
2019082200100088,2019년 8월 22일 05시,목요일,경상북도 포항시 남구 대잠동,중상사고,0,1,0,0,차대사람 - 차도통행중,기타,포장 - 젖음/습기,비,교차로 - 교차로부근,승용,남,58세,상해없음,보행자,여,26세,중상
2019082200100478,2019년 8월 22일 17시,목요일,경상북도 포항시 남구 연일읍,부상신고사고,0,0,0,1,차대사람 - 기타,안전운전불이행,포장 - 건조,맑음,교차로 - 교차로안,승용,여,51세,상해없음,보행자,남,61세,부상신고
2019082200100479,2019년 8월 22일 17시,목요일,경상북도 문경시 유곡동,경상사고,0,0,1,0,차대사람 - 기타,안전운전불이행,포장 - 건조,맑음,단일로 - 기타,화물,남,44세,상해없음,보행자,여,31세,경상
2019082200100668,2019년 8월 22일 22시,목요일,경상북도 영주시 문정동,경상사고,0,0,1,0,차대사람 - 횡단중,신호위반,포장 - 건조,맑음,기타 - 기타,승용,남,23세,상해없음,보행자,여,59세,경상
2019082200100689,2019년 8월 22일 23시,목요일,경상북도 포항시 남구 상도동,경상사고,0,0,1,0,차대사람 - 차도통행중,신호위반,포장 - 건조,맑음,교차로 - 교차로안,승합,남,53세,상해없음,보행자,남,26세,경상
2019082300100102,2019년 8월 23일 06시,금요일,경상북도 울진군 후포면,중상사고,0,1,0,0,차대사람 - 횡단중,안전운전불이행,포장 - 건조,맑음,기타 - 기타,승용,남,54세,상해없음,보행자,여,76세,중상
2019082300100196,2019년 8월 23일 09시,금요일,경상북도 경산시 사동,중상사고,0,1,0,0,차대사람 - 횡단중,안전운전불이행,포장 - 건조,맑음,단일로 - 기타,승용,남,30세,상해없음,보행자,여,89세,중상
2019082300100390,2019년 8월 23일 15시,금요일,경상북도 구미시 봉곡동,경상사고,0,0,1,0,차대사람 - 기타,안전운전불이행,포장 - 건조,맑음,교차로 - 교차로부근,승용,남,60세,상해없음,보행자,여,45세,경상
2019082300100429,2019년 8월 23일 16시,금요일,경상북도 칠곡군 석적읍,경상사고,0,0,1,0,차대사람 - 횡단중,보행자보호의무위반,포장 - 건조,맑음,교차로 - 교차로부근,승합,남,59세,상해없음,보행자,여,6세,경상
2019082300100585,2019년 8월 23일 19시,금요일,경상북도 청도군 청도읍,중상사고,0,1,0,0,차대사람 - 횡단중,보행자보호의무위반,포장 - 건조,기타,교차로 - 교차로부근,승용,여,39세,상해없음,보행자,여,58세,중상
2019082400100041,2019년 8월 24일 00시,토요일,경상북도 경산시 중방동,부상신고사고,0,0,0,1,차대사람 - 기타,안전운전불이행,포장 - 건조,맑음,단일로 - 기타,기타불명,기타불명,미분류,기타불명,보행자,남,47세,부상신고
2019082400100418,2019년 8월 24일 16시,토요일,경상북도 상주시 냉림동,경상사고,0,0,1,0,차대사람 - 횡단중,안전운전불이행,포장 - 건조,맑음,단일로 - 기타,화물,남,62세,상해없음,보행자,여,6세,경상
2019082400100464,2019년 8월 24일 17시,토요일,경상북도 예천군 개포면,중상사고,0,1,1,0,차대사람 - 차도통행중,안전운전불이행,포장 - 건조,맑음,교차로 - 교차로안,승용,남,36세,상해없음,보행자,여,70세,중상
2019082400100527,2019년 8월 24일 19시,토요일,경상북도 포항시 북구 장성동,중상사고,0,1,0,0,차대사람 - 기타,안전운전불이행,포장 - 건조,맑음,단일로 - 기타,승용,남,19세,상해없음,보행자,남,62세,중상
2019082500100020,2019년 8월 25일 00시,일요일,경상북도 구미시 고아읍,중상사고,0,1,0,0,차대사람 - 횡단중,보행자보호의무위반,포장 - 건조,맑음,교차로 - 교차로안,승용,남,55세,상해없음,보행자,남,38세,중상
2019082500100034,2019년 8월 25일 01시,일요일,경상북도 경주시 성건동,경상사고,0,0,1,0,차대사람 - 횡단중,안전운전불이행,포장 - 건조,맑음,교차로 - 교차로부근,승용,여,66세,상해없음,보행자,남,26세,경상
2019082500100305,2019년 8월 25일 15시,일요일,경상북도 포항시 남구 오천읍,중상사고,0,1,0,0,차대사람 - 횡단중,안전운전불이행,포장 - 건조,맑음,교차로 - 교차로부근,승용,여,44세,상해없음,보행자,여,83세,중상
2019082500100477,2019년 8월 25일 20시,일요일,경상북도 영덕군 영해면,중상사고,0,1,0,0,차대사람 - 길가장자리구역통행중,안전운전불이행,포장 - 건조,맑음,단일로 - 기타,승용,여,47세,상해없음,보행자,남,7세,중상
2019082600100074,2019년 8월 26일 05시,월요일,경상북도 경주시 황남동,중상사고,0,1,0,0,차대사람 - 횡단중,보행자보호의무위반,포장 - 건조,맑음,교차로 - 교차로횡단보도내,승용,남,37세,상해없음,보행자,여,70세,중상
2019082600100092,2019년 8월 26일 06시,월요일,경상북도 안동시 풍산읍,경상사고,0,0,1,0,차대사람 - 기타,안전운전불이행,포장 - 건조,맑음,단일로 - 기타,승용,남,65세,상해없음,보행자,여,23세,경상
2019082600100243,2019년 8월 26일 10시,월요일,경상북도 포항시 북구 두호동,경상사고,0,0,1,0,차대사람 - 기타,안전운전불이행,포장 - 건조,맑음,단일로 - 기타,승용,남,78세,상해없음,보행자,여,44세,경상
2019082600100284,2019년 8월 26일 11시,월요일,경상북도 김천시 성내동,중상사고,0,1,0,0,차대사람 - 횡단중,중앙선침범,포장 - 건조,맑음,교차로 - 교차로부근,승용,여,50세,상해없음,보행자,여,69세,중상
2019082600100285,2019년 8월 26일 11시,월요일,경상북도 경산시 대정동,경상사고,0,0,1,0,차대사람 - 기타,안전운전불이행,포장 - 건조,맑음,단일로 - 기타,승합,남,49세,상해없음,보행자,여,39세,경상
2019082600100354,2019년 8월 26일 13시,월요일,경상북도 영천시 금호읍,중상사고,0,1,0,0,차대사람 - 횡단중,보행자보호의무위반,포장 - 건조,맑음,교차로 - 교차로횡단보도내,화물,남,62세,상해없음,보행자,여,84세,중상
2019082600100482,2019년 8월 26일 16시,월요일,경상북도 경산시 자인면,경상사고,0,0,1,0,차대사람 - 기타,안전운전불이행,포장 - 건조,맑음,단일로 - 기타,승용,여,45세,상해없음,보행자,여,16세,경상
2019082600100483,2019년 8월 26일 16시,월요일,경상북도 구미시 남통동,중상사고,0,1,0,0,차대사람 - 기타,보행자보호의무위반,포장 - 건조,맑음,단일로 - 기타,승용,남,31세,상해없음,보행자,여,7세,중상
2019082600100523,2019년 8월 26일 17시,월요일,경상북도 포항시 북구 장성동,경상사고,0,0,1,0,차대사람 - 횡단중,보행자보호의무위반,포장 - 건조,맑음,교차로 - 교차로부근,승용,여,53세,상해없음,보행자,남,48세,경상
2019082700100166,2019년 8월 27일 08시,화요일,경상북도 영주시 휴천동,경상사고,0,0,1,0,차대사람 - 기타,안전운전불이행,포장 - 젖음/습기,비,기타 - 기타,화물,여,67세,상해없음,보행자,여,28세,경상
2019082700100299,2019년 8월 27일 12시,화요일,경상북도 구미시 옥계동,경상사고,0,0,1,0,차대사람 - 횡단중,보행자보호의무위반,포장 - 건조,맑음,교차로 - 교차로횡단보도내,승용,여,59세,상해없음,보행자,남,43세,경상
2019082700100520,2019년 8월 27일 18시,화요일,경상북도 경산시 중방동,경상사고,0,0,1,0,차대사람 - 횡단중,보행자보호의무위반,포장 - 건조,맑음,교차로 - 교차로횡단보도내,승용,여,57세,상해없음,보행자,여,60세,경상
2019082700100521,2019년 8월 27일 18시,화요일,경상북도 구미시 고아읍,경상사고,0,0,1,0,차대사람 - 기타,안전운전불이행,포장 - 건조,맑음,단일로 - 기타,승용,남,64세,상해없음,보행자,남,53세,경상
2019082700100600,2019년 8월 27일 20시,화요일,경상북도 포항시 남구 오천읍,중상사고,0,1,0,0,차대사람 - 기타,중앙선침범,포장 - 젖음/습기,비,단일로 - 기타,화물,남,25세,상해없음,보행자,여,51세,중상
2019082800100148,2019년 8월 28일 08시,수요일,경상북도 성주군 초전면,경상사고,0,0,1,0,차대사람 - 차도통행중,안전운전불이행,포장 - 젖음/습기,비,교차로 - 교차로안,화물,남,59세,상해없음,보행자,여,71세,경상
2019082800100214,2019년 8월 28일 10시,수요일,경상북도 포항시 북구 용흥동,중상사고,0,1,0,0,차대사람 - 횡단중,안전운전불이행,포장 - 젖음/습기,비,단일로 - 기타,승용,남,77세,기타불명,보행자,여,67세,중상
2019082800100275,2019년 8월 28일 12시,수요일,경상북도 영덕군 강구면,중상사고,0,1,0,0,차대사람 - 기타,안전운전불이행,포장 - 건조,맑음,단일로 - 기타,화물,남,38세,상해없음,보행자,여,78세,중상
2019082800100339,2019년 8월 28일 14시,수요일,경상북도 포항시 북구 두호동,경상사고,0,0,1,0,차대사람 - 차도통행중,불법유턴,포장 - 건조,맑음,단일로 - 기타,승용,남,60세,상해없음,보행자,여,37세,경상
2019082800100494,2019년 8월 28일 18시,수요일,경상북도 영주시 휴천동,경상사고,0,0,1,0,차대사람 - 횡단중,보행자보호의무위반,포장 - 건조,맑음,교차로 - 교차로횡단보도내,승용,여,49세,상해없음,보행자,여,18세,경상
2019082800100547,2019년 8월 28일 19시,수요일,경상북도 상주시 남성동,경상사고,0,0,1,0,차대사람 - 횡단중,보행자보호의무위반,포장 - 건조,맑음,교차로 - 교차로안,승용,여,48세,상해없음,보행자,남,24세,경상
2019082800100551,2019년 8월 28일 19시,수요일,경상북도 구미시 원평동,중상사고,0,1,0,0,차대사람 - 차도통행중,안전운전불이행,포장 - 건조,맑음,단일로 - 기타,승용,남,43세,상해없음,보행자,남,54세,중상
2019082800100598,2019년 8월 28일 21시,수요일,경상북도 구미시 구평동,경상사고,0,0,1,0,차대사람 - 기타,안전운전불이행,포장 - 건조,맑음,주차장 - 주차장,승용,여,39세,상해없음,보행자,여,50세,경상
2019082800100648,2019년 8월 28일 23시,수요일,경상북도 칠곡군 왜관읍,사망사고,1,0,0,0,차대사람 - 횡단중,안전운전불이행,포장 - 건조,맑음,교차로 - 교차로부근,승용,남,23세,상해없음,보행자,남,23세,사망
2019082900100160,2019년 8월 29일 09시,목요일,경상북도 구미시 남통동,경상사고,0,0,1,0,차대사람 - 기타,안전운전불이행,포장 - 건조,맑음,교차로 - 교차로안,승용,남,56세,상해없음,보행자,여,61세,경상
2019082900100244,2019년 8월 29일 12시,목요일,경상북도 경주시 건천읍,경상사고,0,0,1,0,차대사람 - 횡단중,안전운전불이행,포장 - 건조,맑음,주차장 - 주차장,승용,남,39세,상해없음,보행자,여,79세,경상
2019082900100538,2019년 8월 29일 19시,목요일,경상북도 포항시 남구 송도동,중상사고,0,1,0,0,차대사람 - 기타,안전운전불이행,포장 - 건조,맑음,단일로 - 기타,승용,남,29세,상해없음,보행자,남,63세,중상
2019082900100620,2019년 8월 29일 21시,목요일,경상북도 포항시 북구 죽도동,중상사고,0,1,0,0,차대사람 - 횡단중,보행자보호의무위반,포장 - 건조,맑음,단일로 - 기타,승용,남,68세,상해없음,보행자,여,53세,중상
2019082900100621,2019년 8월 29일 21시,목요일,경상북도 칠곡군 지천면,경상사고,0,0,1,0,차대사람 - 길가장자리구역통행중,안전운전불이행,포장 - 건조,흐림,단일로 - 기타,기타불명,기타불명,미분류,기타불명,보행자,남,28세,경상
2019082900100658,2019년 8월 29일 22시,목요일,경상북도 문경시 모전동,경상사고,0,0,1,0,차대사람 - 횡단중,안전운전불이행,포장 - 건조,맑음,단일로 - 기타,승용,여,57세,상해없음,보행자,남,40세,경상
2019083000100035,2019년 8월 30일 00시,금요일,경상북도 구미시 황상동,경상사고,0,0,1,0,차대사람 - 기타,안전운전불이행,포장 - 건조,맑음,교차로 - 교차로안,승합,남,69세,상해없음,보행자,여,58세,경상