사고번호,사고일시,요일,시군구,사고내용,사망자수,중상자수,경상자수,부상신고자수,사고유형,법규위반,노면상태,기상상태,도로형태,가해운전자 차종,가해운전자 성별,가해운전자 연령,가해운전자 상해정도,피해운전자 차종,피해운전자 성별,피해운전자 연령,피해운전자 상해정도
2019100100100635,2019년 10월 1일 20시,화요일,경상북도 경주시 안강읍,중상사고,0,1,0,0,차대사람 - 길가장자리구역통행중,안전운전불이행,포장 - 건조,맑음,단일로 - 기타,승용,여,61세,상해없음,보행자,남,62세,중상
2019100100100636,2019년 10월 1일 20시,화요일,경상북도 상주시 서성동,경상사고,0,0,1,0,차대사람 - 횡단중,보행자보호의무위반,포장 - 건조,맑음,교차로 - 교차로안,이륜,남,39세,상해없음,보행자,여,16세,경상
2019100100100661,2019년 10월 1일 21시,화요일,경상북도 포항시 북구 장성동,중상사고,0,1,0,0,차대사람 - 차도통행중,과속,포장 - 건조,맑음,단일로 - 기타,화물,남,58세,상해없음,보행자,남,68세,중상
2019100100100693,2019년 10월 1일 22시,화요일,경상북도 경산시 조영동,경상사고,0,0,1,0,차대사람 - 기타,안전운전불이행,포장 - 건조,맑음,단일로 - 기타,승용,여,23세,기타불명,보행자,남,20세,경상
2019100200100055,2019년 10월 2일 02시,수요일,경상북도 안동시 옥동,경상사고,0,0,1,0,차대사람 - 기타,안전운전불이행,포장 - 건조,맑음,단일로 - 기타,승용,남,23세,상해없음,보행자,남,30세,경상
2019100200100306,2019년 10월 2일 12시,수요일,경상북도 김천시 신음동,중상사고,0,1,0,0,차대사람 - 기타,안전운전불이행,포장 - 젖음/습기,비,기타 - 기타,승용,남,44세,상해없음,보행자,여,27세,중상
2019100200100341,2019년 10월 2일 13시,수요일,경상북도 군위군 군위읍,중상사고,0,1,0,0,차대사람 - 횡단중,보행자보호의무위반,포장 - 건조,맑음,단일로 - 기타,승용,여,66세,상해없음,보행자,남,13세,중상
2019100200100383,2019년 10월 2일 14시,수요일,경상북도 경주시 성건동,중상사고,0,1,0,0,차대사람 - 보도통행중,기타,포장 - 젖음/습기,비,교차로 - 교차로부근,화물,여,71세,상해없음,보행자,남,55세,중상
2019100200100770,2019년 10월 2일 20시,수요일,경상북도 성주군 성주읍,중상사고,0,1,0,0,차대사람 - 횡단중,안전운전불이행,포장 - 젖음/습기,비,단일로 - 기타,화물,남,60세,상해없음,보행자,남,62세,중상
2019100300100045,2019년 10월 3일 00시,목요일,경상북도 포항시 북구 창포동,중상사고,0,1,0,0,차대사람 - 횡단중,안전운전불이행,포장 - 젖음/습기,비,단일로 - 기타,화물,남,29세,상해없음,보행자,남,64세,중상
2019100300100047,2019년 10월 3일 00시,목요일,경상북도 경산시 하양읍,중상사고,0,1,0,0,차대사람 - 차도통행중,안전운전불이행,포장 - 젖음/습기,비,단일로 - 기타,이륜,남,41세,상해없음,보행자,남,28세,중상
2019100300100048,2019년 10월 3일 00시,목요일,경상북도 포항시 남구 대도동,중상사고,0,1,0,0,차대사람 - 기타,안전운전불이행,포장 - 젖음/습기,비,교차로 - 교차로안,승용,남,31세,상해없음,보행자,남,55세,중상
2019100300100115,2019년 10월 3일 02시,목요일,경상북도 구미시 진평동,경상사고,0,0,2,0,차대사람 - 횡단중,보행자보호의무위반,포장 - 젖음/습기,비,교차로 - 교차로안,승용,여,24세,상해없음,보행자,남,29세,경상
2019100300100205,2019년 10월 3일 08시,목요일,경상북도 영천시 금호읍,중상사고,0,1,0,0,차대사람 - 횡단중,과속,포장 - 젖음/습기,흐림,단일로 - 기타,승용,남,58세,상해없음,보행자,여,74세,중상
2019100300100228,2019년 10월 3일 09시,목요일,경상북도 안동시 용상동,경상사고,0,0,1,0,차대사람 - 횡단중,안전운전불이행,포장 - 건조,맑음,단일로 - 기타,승용,남,59세,상해없음,보행자,여,78세,경상
2019100300100312,2019년 10월 3일 13시,목요일,경상북도 경주시 용강동,경상사고,0,0,1,0,차대사람 - 횡단중,안전운전불이행,포장 - 건조,맑음,교차로 - 교차로부근,승용,여,51세,상해없음,보행자,여,52세,경상
2019100300100314,2019년 10월 3일 13시,목요일,경상북도 포항시 남구 오천읍,경상사고,0,0,1,0,차대사람 - 차도통행중,안전운전불이행,포장 - 건조,맑음,교차로 - 교차로안,기타불명,기타불명,미분류,기타불명,보행자,여,73세,경상
2019100300100390,2019년 10월 3일 15시,목요일,경상북도 김천시 남산동,중상사고,0,1,0,0,차대사람 - 차도통행중,안전운전불이행,포장 - 건조,맑음,기타 - 기타,화물,남,72세,상해없음,보행자,남,62세,중상
2019100300100392,2019년 10월 3일 15시,목요일,경상북도 경산시 대동,경상사고,0,0,1,0,차대사람 - 기타,안전운전불이행,포장 - 건조,맑음,교차로 - 교차로부근,승용,남,64세,상해없음,보행자,남,26세,경상
2019100300100487,2019년 10월 3일 18시,목요일,경상북도 상주시 모동면,사망사고,1,0,0,0,차대사람 - 길가장자리구역통행중,안전운전불이행,포장 - 건조,맑음,단일로 - 기타,화물,남,40세,상해없음,보행자,남,61세,사망
2019100300100544,2019년 10월 3일 20시,목요일,경상북도 안동시 송현동,중상사고,0,1,1,0,차대사람 - 횡단중,안전운전불이행,포장 - 건조,맑음,단일로 - 기타,승용,남,56세,상해없음,보행자,남,69세,중상
2019100300100566,2019년 10월 3일 21시,목요일,경상북도 경산시 옥산동,부상신고사고,0,0,0,1,차대사람 - 차도통행중,안전운전불이행,포장 - 건조,흐림,단일로 - 기타,기타불명,기타불명,미분류,기타불명,보행자,여,63세,부상신고
2019100400100216,2019년 10월 4일 10시,금요일,경상북도 경주시 황성동,중상사고,0,1,0,0,차대사람 - 횡단중,보행자보호의무위반,포장 - 건조,맑음,교차로 - 교차로횡단보도내,승용,여,44세,상해없음,보행자,여,54세,중상
2019100400100219,2019년 10월 4일 10시,금요일,경상북도 경산시 중방동,경상사고,0,0,1,0,차대사람 - 차도통행중,안전운전불이행,포장 - 건조,맑음,단일로 - 기타,승용,남,21세,상해없음,보행자,여,66세,경상
2019100400100254,2019년 10월 4일 11시,금요일,경상북도 포항시 남구 오천읍,경상사고,0,0,1,0,차대사람 - 기타,안전운전불이행,포장 - 건조,맑음,단일로 - 기타,승용,남,56세,상해없음,보행자,남,80세,경상
2019100400100578,2019년 10월 4일 18시,금요일,경상북도 안동시 옥동,중상사고,0,1,0,0,차대사람 - 기타,안전운전불이행,포장 - 건조,맑음,교차로 - 교차로안,승용,남,40세,상해없음,보행자,여,22세,중상
2019100400100579,2019년 10월 4일 18시,금요일,경상북도 상주시 서문동,경상사고,0,0,1,0,차대사람 - 횡단중,보행자보호의무위반,포장 - 건조,맑음,교차로 - 교차로횡단보도내,승합,남,55세,상해없음,보행자,여,15세,경상
2019100400100644,2019년 10월 4일 19시,금요일,경상북도 울진군 죽변면,중상사고,0,1,0,0,차대사람 - 횡단중,안전운전불이행,포장 - 건조,맑음,교차로 - 교차로안,승용,남,49세,상해없음,보행자,여,76세,중상
2019100400100738,2019년 10월 4일 22시,금요일,경상북도 구미시 진평동,경상사고,0,0,1,0,차대사람 - 기타,안전운전불이행,포장 - 건조,맑음,교차로 - 교차로부근,승용,남,23세,상해없음,보행자,여,54세,경상
2019100400100760,2019년 10월 4일 23시,금요일,경상북도 안동시 길안면,경상사고,0,0,4,0,차대사람 - 기타,안전운전불이행,포장 - 건조,맑음,단일로 - 기타,승용,남,58세,상해없음,보행자,남,72세,경상
2019100400100761,2019년 10월 4일 23시,금요일,경상북도 구미시 옥계동,중상사고,0,1,0,0,차대사람 - 횡단중,안전운전불이행,포장 - 건조,맑음,단일로 - 기타,승용,남,48세,상해없음,보행자,남,19세,중상
2019100500100218,2019년 10월 5일 11시,토요일,경상북도 경주시 진현동,중상사고,0,1,0,0,차대사람 - 기타,안전운전불이행,포장 - 건조,맑음,주차장 - 주차장,승용,남,44세,상해없음,보행자,남,63세,중상
2019100500100287,2019년 10월 5일 13시,토요일,경상북도 포항시 북구 두호동,경상사고,0,0,1,0,차대사람 - 기타,안전운전불이행,포장 - 건조,맑음,단일로 - 기타,승용,여,45세,상해없음,보행자,여,77세,경상
2019100500100330,2019년 10월 5일 14시,토요일,경상북도 구미시 원평동,경상사고,0,0,1,0,차대사람 - 기타,안전운전불이행,포장 - 건조,맑음,단일로 - 기타,승용,여,69세,상해없음,보행자,여,26세,경상
2019100500100448,2019년 10월 5일 18시,토요일,경상북도 영주시 하망동,중상사고,0,1,0,0,차대사람 - 기타,안전운전불이행,포장 - 건조,맑음,단일로 - 기타,승용,남,55세,상해없음,보행자,여,82세,중상
2019100500100449,2019년 10월 5일 18시,토요일,경상북도 영천시 청통면,사망사고,1,0,0,0,차대사람 - 횡단중,안전운전불이행,포장 - 건조,맑음,교차로 - 교차로안,승용,여,51세,상해없음,보행자,여,78세,사망
2019100500100451,2019년 10월 5일 18시,토요일,경상북도 구미시 산동면,경상사고,0,0,1,0,차대사람 - 기타,안전운전불이행,포장 - 건조,맑음,교차로 - 교차로부근,승용,남,31세,상해없음,보행자,남,9세,경상
2019100600100110,2019년 10월 6일 07시,일요일,경상북도 포항시 북구 용흥동,경상사고,0,0,1,0,차대사람 - 횡단중,안전운전불이행,포장 - 건조,맑음,단일로 - 기타,승용,남,80세,상해없음,보행자,여,73세,경상
2019100600100282,2019년 10월 6일 14시,일요일,경상북도 포항시 남구 대도동,경상사고,0,0,1,0,차대사람 - 기타,안전운전불이행,포장 - 건조,맑음,주차장 - 주차장,승용,남,50세,상해없음,보행자,남,32세,경상
2019100600100411,2019년 10월 6일 18시,일요일,경상북도 포항시 남구 대잠동,경상사고,0,0,1,0,차대사람 - 차도통행중,안전운전불이행,포장 - 건조,맑음,단일로 - 기타,화물,남,38세,상해없음,보행자,남,17세,경상
2019100600100497,2019년 10월 6일 21시,일요일,경상북도 구미시 인의동,경상사고,0,0,1,0,차대사람 - 횡단중,안전운전불이행,포장 - 건조,맑음,교차로 - 교차로안,승용,남,33세,상해없음,보행자,여,65세,경상
2019100700100072,2019년 10월 7일 05시,월요일,경상북도 군위군 효령면,경상사고,0,0,1,0,차대사람 - 횡단중,안전운전불이행,포장 - 젖음/습기,흐림,교차로 - 교차로횡단보도내,승용,여,63세,상해없음,보행자,여,18세,경상
2019100700100283,2019년 10월 7일 11시,월요일,경상북도 안동시 옥야동,중상사고,0,1,0,0,차대사람 - 기타,안전운전불이행,포장 - 건조,맑음,교차로 - 교차로부근,화물,남,50세,상해없음,보행자,여,57세,중상
2019100700100318,2019년 10월 7일 12시,월요일,경상북도 포항시 남구 상도동,경상사고,0,0,1,0,차대사람 - 길가장자리구역통행중,안전운전불이행,포장 - 건조,맑음,단일로 - 기타,승용,남,33세,상해없음,보행자,남,24세,경상
2019100700100344,2019년 10월 7일 13시,월요일,경상북도 경주시 서부동,경상사고,0,0,1,0,차대사람 - 횡단중,보행자보호의무위반,포장 - 건조,맑음,교차로 - 교차로안,승용,남,67세,상해없음,보행자,남,31세,경상
2019100700100381,2019년 10월 7일 14시,월요일,경상북도 성주군 성주읍,중상사고,0,1,0,0,차대사람 - 기타,안전운전불이행,포장 - 건조,맑음,단일로 - 기타,승용,남,48세,상해없음,보행자,여,85세,중상
2019100700100493,2019년 10월 7일 17시,월요일,경상북도 경주시 황성동,경상사고,0,0,1,0,차대사람 - 횡단중,보행자보호의무위반,포장 - 젖음/습기,비,교차로 - 교차로횡단보도내,화물,남,30세,상해없음,보행자,여,68세,경상
2019100700100495,2019년 10월 7일 17시,월요일,경상북도 칠곡군 석적읍,부상신고사고,0,0,0,1,차대사람 - 기타,안전운전불이행,포장 - 건조,맑음,교차로 - 교차로부근,기타불명,기타불명,미분류,기타불명,보행자,남,5세,부상신고
2019100700100545,2019년 10월 7일 18시,월요일,경상북도 김천시 율곡동,경상사고,0,0,2,0,차대사람 - 기타,안전운전불이행,포장 - 젖음/습기,비,교차로 - 교차로안,승용,여,40세,상해없음,보행자,남,54세,경상
2019100700100550,2019년 10월 7일 18시,월요일,경상북도 포항시 남구 연일읍,중상사고,0,2,0,0,차대사람 - 횡단중,보행자보호의무위반,포장 - 젖음/습기,비,교차로 - 교차로횡단보도내,승용,여,42세,상해없음,보행자,여,13세,중상
2019100800100194,2019년 10월 8일 09시,화요일,경상북도 경주시 황성동,중상사고,0,1,0,0,차대사람 - 기타,안전운전불이행,포장 - 건조,맑음,단일로 - 기타,승용,여,45세,상해없음,보행자,여,76세,중상
2019100800100378,2019년 10월 8일 14시,화요일,경상북도 영천시 북안면,중상사고,0,1,0,0,차대사람 - 횡단중,안전운전불이행,포장 - 건조,맑음,교차로 - 교차로안,화물,남,38세,상해없음,보행자,여,72세,중상
2019100800100428,2019년 10월 8일 15시,화요일,경상북도 영주시 휴천동,경상사고,0,0,1,0,차대사람 - 횡단중,보행자보호의무위반,포장 - 건조,맑음,단일로 - 기타,승용,여,43세,상해없음,보행자,여,40세,경상
2019100800100518,2019년 10월 8일 17시,화요일,경상북도 구미시 원평동,경상사고,0,0,1,0,차대사람 - 횡단중,보행자보호의무위반,포장 - 건조,맑음,교차로 - 교차로횡단보도내,승용,여,57세,상해없음,보행자,여,50세,경상
2019100800100579,2019년 10월 8일 18시,화요일,경상북도 칠곡군 왜관읍,중상사고,0,1,0,0,차대사람 - 횡단중,안전운전불이행,포장 - 건조,맑음,교차로 - 교차로안,화물,남,56세,상해없음,보행자,여,70세,중상
2019100800100648,2019년 10월 8일 19시,화요일,경상북도 구미시 원평동,경상사고,0,0,1,0,차대사람 - 횡단중,안전운전불이행,포장 - 건조,맑음,교차로 - 교차로안,승용,남,62세,상해없음,보행자,남,21세,경상
2019100800100690,2019년 10월 8일 20시,화요일,경상북도 구미시 신평동,중상사고,0,1,0,0,차대사람 - 횡단중,보행자보호의무위반,포장 - 건조,맑음,교차로 - 교차로부근,승용,남,55세,상해없음,보행자,여,67세,중상
2019100900100114,2019년 10월 9일 06시,수요일,경상북도 포항시 북구 죽도동,경상사고,0,0,1,0,차대사람 - 차도통행중,안전운전불이행,포장 - 건조,맑음,단일로 - 기타,승용,남,56세,상해없음,보행자,남,69세,경상
2019100900100132,2019년 10월 9일 07시,수요일,경상북도 영주시 단산면,중상사고,0,1,0,0,차대사람 - 기타,안전운전불이행,포장 - 건조,맑음,단일로 - 기타,화물,남,78세,상해없음,보행자,여,78세,중상
2019100900100151,2019년 10월 9일 08시,수요일,경상북도 경산시 와촌면,경상사고,0,0,1,0,차대사람 - 차도통행중,안전운전불이행,포장 - 건조,맑음,단일로 - 기타,화물,남,66세,상해없음,보행자,남,48세,경상
2019100900100177,2019년 10월 9일 09시,수요일,경상북도 칠곡군 왜관읍,중상사고,0,1,0,0,차대사람 - 횡단중,안전운전불이행,포장 - 건조,맑음,교차로 - 교차로안,승용,여,60세,상해없음,보행자,여,75세,중상
2019100900100341,2019년 10월 9일 14시,수요일,경상북도 경주시 노서동,중상사고,0,1,0,0,차대사람 - 길가장자리구역통행중,안전운전불이행,포장 - 건조,맑음,교차로 - 교차로부근,승용,여,61세,상해없음,보행자,남,51세,중상
2019100900100374,2019년 10월 9일 15시,수요일,경상북도 경주시 안강읍,경상사고,0,0,1,0,차대사람 - 길가장자리구역통행중,안전운전불이행,포장 - 건조,맑음,단일로 - 기타,이륜,남,73세,상해없음,보행자,여,62세,경상
2019100900100417,2019년 10월 9일 16시,수요일,경상북도 칠곡군 왜관읍,경상사고,0,0,1,0,차대사람 - 횡단중,안전운전불이행,포장 - 건조,맑음,교차로 - 교차로안,승용,여,63세,상해없음,보행자,남,10세,경상
2019100900100418,2019년 10월 9일 16시,수요일,경상북도 구미시 비산동,중상사고,0,1,0,0,차대사람 - 횡단중,보행자보호의무위반,포장 - 건조,맑음,교차로 - 교차로부근,승용,여,56세,상해없음,보행자,남,5세,중상
2019100900100607,2019년 10월 9일 21시,수요일,경상북도 경산시 상방동,중상사고,0,1,0,0,차대사람 - 횡단중,보행자보호의무위반,포장 - 건조,맑음,교차로 - 교차로횡단보도내,승용,여,60세,상해없음,보행자,남,25세,중상
2019101000100059,2019년 10월 10일 05시,목요일,경상북도 경주시 교동,중상사고,0,1,0,0,차대사람 - 횡단중,보행자보호의무위반,포장 - 건조,맑음,교차로 - 교차로횡단보도내,승용,남,75세,상해없음,보행자,남,58세,중상
2019101000100060,2019년 10월 10일 05시,목요일,경상북도 포항시 남구 오천읍,사망사고,2,0,0,0,차대사람 - 차도통행중,안전운전불이행,포장 - 건조,맑음,단일로 - 기타,승용,남,48세,상해없음,보행자,남,77세,사망
2019101000100096,2019년 10월 10일 07시,목요일,경상북도 구미시 원평동,중상사고,0,1,0,0,차대사람 - 횡단중,보행자보호의무위반,포장 - 건조,맑음,교차로 - 교차로횡단보도내,승용,남,58세,상해없음,보행자,여,69세,중상
2019101000100097,2019년 10월 10일 07시,목요일,경상북도 구미시 지산동,중상사고,0,1,1,0,차대사람 - 횡단중,보행자보호의무위반,포장 - 건조,맑음,교차로 - 교차로횡단보도내,승합,남,66세,상해없음,보행자,여,31세,중상
2019101000100144,2019년 10월 10일 08시,목요일,경상북도 안동시 송현동,경상사고,0,0,1,0,차대사람 - 길가장자리구역통행중,보행자보호의무위반,포장 - 건조,맑음,단일로 - 기타,승합,남,46세,상해없음,보행자,남,5세,경상
2019101000100186,2019년 10월 10일 09시,목요일,경상북도 칠곡군 왜관읍,중상사고,0,1,0,0,차대사람 - 횡단중,보행자보호의무위반,포장 - 건조,맑음,교차로 - 교차로안,화물,남,46세,상해없음,보행자,여,84세,중상
2019101000100257,2019년 10월 10일 11시,목요일,경상북도 경산시 삼북동,중상사고,0,1,0,0,차대사람 - 차도통행중,안전운전불이행,포장 - 건조,맑음,단일로 - 기타,승용,여,45세,상해없음,보행자,여,83세,중상
2019101000100366,2019년 10월 10일 14시,목요일,경상북도 안동시 안기동,경상사고,0,0,1,0,차대사람 - 기타,안전운전불이행,포장 - 건조,맑음,교차로 - 교차로부근,승용,여,67세,상해없음,보행자,여,58세,경상
2019101000100409,2019년 10월 10일 15시,목요일,경상북도 포항시 북구 두호동,경상사고,0,0,1,0,차대사람 - 횡단중,보행자보호의무위반,포장 - 건조,맑음,교차로 - 교차로횡단보도내,승용,남,48세,상해없음,보행자,여,64세,경상
2019101000100463,2019년 10월 10일 16시,목요일,경상북도 포항시 남구 장흥동,중상사고,0,1,0,0,차대사람 - 기타,기타,포장 - 건조,맑음,단일로 - 기타,화물,남,51세,상해없음,보행자,남,57세,중상
2019101000100650,2019년 10월 10일 20시,목요일,경상북도 경산시 사동,경상사고,0,0,1,0,차대사람 - 횡단중,보행자보호의무위반,포장 - 건조,맑음,교차로 - 교차로횡단보도내,승용,여,24세,상해없음,보행자,남,39세,경상
2019101000100686,2019년 10월 10일 21시,목요일,경상북도 구미시 옥계동,중상사고,0,1,0,0,차대사람 - 횡단중,보행자보호의무위반,포장 - 건조,맑음,교차로 - 교차로부근,화물,남,39세,상해없음,보행자,남,56세,중상
2019101100100207,2019년 10월 11일 09시,금요일,경상북도 포항시 북구 우현동,중상사고,0,1,0,0,차대사람 - 횡단중,보행자보호의무위반,포장 - 건조,맑음,교차로 - 교차로횡단보도내,승용,여,38세,상해없음,보행자,남,71세,중상
2019101100100472,2019년 10월 11일 16시,금요일,경상북도 영천시 금호읍,중상사고,0,1,0,0,차대사람 - 차도통행중,안전운전불이행,포장 - 건조,맑음,교차로 - 교차로안,화물,남,73세,상해없음,보행자,여,22세,중상
2019101100100583,2019년 10월 11일 18시,금요일,경상북도 안동시 용상동,경상사고,0,0,1,0,차대사람 - 횡단중,보행자보호의무위반,포장 - 건조,맑음,교차로 - 교차로횡단보도내,승용,남,52세,상해없음,보행자,남,36세,경상
2019101100100584,2019년 10월 11일 18시,금요일,경상북도 김천시 신음동,경상사고,0,0,1,0,차대사람 - 횡단중,보행자보호의무위반,포장 - 건조,맑음,단일로 - 기타,승용,여,34세,상해없음,보행자,여,75세,경상
2019101100100705,2019년 10월 11일 20시,금요일,경상북도 청송군 부남면,사망사고,1,2,0,0,차대사람 - 횡단중,안전운전불이행,포장 - 건조,맑음,단일로 - 지하차도(도로)내,승용,남,76세,상해없음,보행자,여,77세,사망
2019101200100069,2019년 10월 12일 02시,토요일,경상북도 안동시 동부동,경상사고,0,0,1,0,차대사람 - 기타,안전운전불이행,포장 - 건조,맑음,교차로 - 교차로부근,화물,남,45세,상해없음,보행자,남,33세,경상
2019101200100368,2019년 10월 12일 13시,토요일,경상북도 영천시 완산동,경상사고,0,0,1,0,차대사람 - 횡단중,안전운전불이행,포장 - 건조,맑음,교차로 - 교차로부근,특수,남,42세,상해없음,보행자,여,62세,경상
2019101200100416,2019년 10월 12일 14시,토요일,경상북도 의성군 의성읍,경상사고,0,0,1,0,차대사람 - 횡단중,안전운전불이행,포장 - 건조,맑음,단일로 - 기타,승합,남,40세,상해없음,보행자,남,23세,경상
2019101200100470,2019년 10월 12일 15시,토요일,경상북도 경주시 감포읍,중상사고,0,1,0,0,차대사람 - 길가장자리구역통행중,안전운전불이행,포장 - 건조,맑음,교차로 - 교차로부근,승용,여,29세,상해없음,보행자,남,63세,중상
2019101200100530,2019년 10월 12일 16시,토요일,경상북도 포항시 남구 연일읍,경상사고,0,0,1,0,차대사람 - 기타,안전운전불이행,포장 - 건조,맑음,단일로 - 기타,자전거,여,48세,상해없음,보행자,여,81세,경상
2019101200100563,2019년 10월 12일 17시,토요일,경상북도 상주시 남성동,중상사고,0,1,0,0,차대사람 - 횡단중,안전운전불이행,포장 - 건조,맑음,단일로 - 기타,이륜,여,67세,기타불명,보행자,남,18세,중상
2019101200100608,2019년 10월 12일 18시,토요일,경상북도 경산시 조영동,경상사고,0,0,1,0,차대사람 - 보도통행중,기타,포장 - 건조,맑음,단일로 - 기타,자전거,남,22세,상해없음,보행자,남,35세,경상
2019101200100653,2019년 10월 12일 19시,토요일,경상북도 경산시 옥산동,경상사고,0,0,1,0,차대사람 - 횡단중,신호위반,포장 - 건조,맑음,교차로 - 교차로안,이륜,남,30세,상해없음,보행자,여,50세,경상
2019101200100692,2019년 10월 12일 20시,토요일,경상북도 구미시 신평동,사망사고,1,0,1,0,차대사람 - 기타,안전운전불이행,포장 - 건조,맑음,교차로 - 교차로부근,승용,여,47세,경상,보행자,남,49세,사망
2019101200100693,2019년 10월 12일 20시,토요일,경상북도 포항시 남구 해도동,중상사고,0,1,0,0,차대사람 - 차도통행중,과속,포장 - 건조,맑음,교차로 - 교차로부근,승용,남,48세,상해없음,보행자,남,58세,중상
2019101200100725,2019년 10월 12일 21시,토요일,경상북도 김천시 부곡동,중상사고,0,1,0,0,차대사람 - 기타,안전운전불이행,포장 - 기타,맑음,기타 - 기타,승용,남,48세,상해없음,보행자,남,48세,중상
2019101200100728,2019년 10월 12일 21시,토요일,경상북도 구미시 임수동,중상사고,0,1,0,0,차대사람 - 기타,안전운전불이행,포장 - 건조,맑음,단일로 - 기타,승용,남,35세,상해없음,보행자,여,55세,중상
2019101200100730,2019년 10월 12일 21시,토요일,경상북도 포항시 남구 해도동,중상사고,0,1,0,0,차대사람 - 횡단중,안전운전불이행,포장 - 건조,흐림,교차로 - 교차로횡단보도내,기타불명,기타불명,미분류,기타불명,보행자,남,63세,중상
2019101300100024,2019년 10월 13일 00시,일요일,경상북도 포항시 북구 흥해읍,경상사고,0,0,1,0,차대사람 - 횡단중,보행자보호의무위반,포장 - 건조,맑음,단일로 - 기타,승용,남,55세,상해없음,보행자,남,26세,경상
2019101300100060,2019년 10월 13일 03시,일요일,경상북도 포항시 남구 효자동,중상사고,0,1,0,0,차대사람 - 차도통행중,안전운전불이행,포장 - 건조,맑음,단일로 - 기타,승용,남,30세,상해없음,보행자,남,41세,중상
2019101300100267,2019년 10월 13일 14시,일요일,경상북도 칠곡군 석적읍,중상사고,0,1,0,0,차대사람 - 기타,안전운전불이행,포장 - 건조,맑음,단일로 - 기타,승용,남,53세,상해없음,보행자,남,20세,중상
2019101300100370,2019년 10월 13일 17시,일요일,경상북도 청도군 화양읍,경상사고,0,0,1,0,차대사람 - 차도통행중,안전운전불이행,포장 - 건조,맑음,기타 - 기타,승용,남,60세,상해없음,보행자,남,40세,경상
2019101300100441,2019년 10월 13일 19시,일요일,경상북도 포항시 북구 두호동,경상사고,0,0,1,0,차대사람 - 기타,안전운전불이행,포장 - 건조,맑음,단일로 - 기타,자전거,여,43세,상해없음,보행자,여,66세,경상
2019101300100442,2019년 10월 13일 19시,일요일,경상북도 칠곡군 동명면,중상사고,0,4,1,0,차대사람 - 길가장자리구역통행중,안전운전불이행,포장 - 건조,맑음,단일로 - 기타,화물,남,69세,경상,보행자,남,47세,중상
2019101400100254,2019년 10월 14일 11시,월요일,경상북도 의성군 의성읍,중상사고,0,1,0,0,차대사람 - 길가장자리구역통행중,안전운전불이행,포장 - 건조,맑음,교차로 - 교차로안,화물,남,80세,상해없음,보행자,여,80세,중상
2019101400100299,2019년 10월 14일 12시,월요일,경상북도 예천군 호명면,경상사고,0,0,1,0,차대사람 - 기타,안전운전불이행,포장 - 건조,맑음,단일로 - 기타,승합,남,44세,상해없음,보행자,여,75세,경상
2019101400100338,2019년 10월 14일 13시,월요일,경상북도 포항시 북구 득량동,경상사고,0,0,1,0,차대사람 - 횡단중,안전운전불이행,포장 - 건조,맑음,교차로 - 교차로횡단보도내,승용,여,34세,상해없음,보행자,남,75세,경상
2019101400100339,2019년 10월 14일 13시,월요일,경상북도 포항시 북구 양덕동,경상사고,0,0,1,0,차대사람 - 보도통행중,기타,포장 - 건조,맑음,단일로 - 기타,승용,여,30세,상해없음,보행자,여,10세,경상
2019101400100415,2019년 10월 14일 15시,월요일,경상북도 김천시 용두동,중상사고,0,1,0,0,차대사람 - 횡단중,보행자보호의무위반,포장 - 건조,맑음,교차로 - 교차로횡단보도내,화물,여,59세,상해없음,보행자,남,45세,중상
2019101400100719,2019년 10월 14일 21시,월요일,경상북도 경주시 현곡면,중상사고,0,1,1,0,차대사람 - 횡단중,신호위반,포장 - 건조,맑음,교차로 - 교차로안,승용,여,47세,상해없음,보행자,남,31세,경상
2019101400100740,2019년 10월 14일 22시,월요일,경상북도 포항시 북구 장성동,경상사고,0,0,1,0,차대사람 - 차도통행중,중앙선침범,포장 - 건조,맑음,단일로 - 기타,승용,여,37세,상해없음,보행자,남,60세,경상
2019101500100144,2019년 10월 15일 08시,화요일,경상북도 포항시 북구 죽도동,경상사고,0,0,1,0,차대사람 - 보도통행중,보행자보호의무위반,포장 - 젖음/습기,흐림,교차로 - 교차로횡단보도내,승용,남,74세,상해없음,보행자,여,11세,경상
2019101500100195,2019년 10월 15일 09시,화요일,경상북도 영천시 문내동,경상사고,0,0,1,0,차대사람 - 길가장자리구역통행중,안전운전불이행,포장 - 건조,맑음,기타 - 기타,승용,여,56세,상해없음,보행자,여,77세,경상
2019101500100323,2019년 10월 15일 12시,화요일,경상북도 포항시 북구 죽도동,중상사고,0,1,0,0,차대사람 - 차도통행중,신호위반,포장 - 건조,맑음,교차로 - 교차로안,승용,여,64세,상해없음,보행자,여,60세,중상
2019101500100325,2019년 10월 15일 12시,화요일,경상북도 경산시 정평동,경상사고,0,0,1,0,차대사람 - 기타,안전운전불이행,포장 - 건조,맑음,주차장 - 주차장,승용,여,54세,기타불명,보행자,남,20세,경상
2019101500100366,2019년 10월 15일 13시,화요일,경상북도 칠곡군 북삼읍,경상사고,0,0,1,0,차대사람 - 기타,안전운전불이행,포장 - 건조,맑음,단일로 - 기타,승용,여,50세,상해없음,보행자,여,58세,경상