사고번호,사고일시,요일,시군구,사고내용,사망자수,중상자수,경상자수,부상신고자수,사고유형,법규위반,노면상태,기상상태,도로형태,가해운전자 차종,가해운전자 성별,가해운전자 연령,가해운전자 상해정도,피해운전자 차종,피해운전자 성별,피해운전자 연령,피해운전자 상해정도
2020041400100131,2020년 4월 14일 09시,화요일,경상북도 예천군 호명면,중상사고,0,1,0,0,차대사람 - 횡단중,안전운전불이행,포장 - 건조,맑음,단일로 - 기타,건설기계,남,55세,상해없음,보행자,남,55세,중상
2020041400100253,2020년 4월 14일 13시,화요일,경상북도 경주시 탑동,중상사고,0,1,0,0,차대사람 - 횡단중,신호위반,포장 - 건조,맑음,교차로 - 교차로안,승용,남,37세,상해없음,보행자,여,84세,중상
2020041400100316,2020년 4월 14일 15시,화요일,경상북도 경주시 강동면,중상사고,0,1,0,0,차대사람 - 기타,안전운전불이행,포장 - 건조,맑음,단일로 - 기타,승용,남,61세,상해없음,보행자,여,83세,중상
2020041400100350,2020년 4월 14일 16시,화요일,경상북도 성주군 초전면,경상사고,0,0,1,0,차대사람 - 기타,안전운전불이행,포장 - 건조,맑음,주차장 - 주차장,승용,여,64세,상해없음,보행자,남,36세,경상
2020041400100398,2020년 4월 14일 17시,화요일,경상북도 안동시 송현동,경상사고,0,0,1,0,차대사람 - 기타,기타,포장 - 건조,맑음,기타 - 기타,이륜,남,25세,기타불명,보행자,남,24세,경상
2020041400100402,2020년 4월 14일 17시,화요일,경상북도 포항시 남구 구룡포읍,중상사고,0,1,0,0,차대사람 - 기타,안전운전불이행,포장 - 건조,맑음,단일로 - 기타,승용,여,63세,상해없음,보행자,남,57세,중상
2020041400100449,2020년 4월 14일 18시,화요일,경상북도 칠곡군 왜관읍,중상사고,0,1,0,0,차대사람 - 보도통행중,안전운전불이행,포장 - 건조,맑음,단일로 - 기타,승용,여,43세,기타불명,보행자,남,66세,중상
2020041400100521,2020년 4월 14일 20시,화요일,경상북도 울진군 울진읍,중상사고,0,1,0,0,차대사람 - 횡단중,보행자보호의무위반,포장 - 건조,맑음,교차로 - 교차로안,승용,남,53세,상해없음,보행자,여,60세,중상
2020041400100571,2020년 4월 14일 22시,화요일,경상북도 구미시 송정동,경상사고,0,0,1,0,차대사람 - 기타,안전운전불이행,포장 - 건조,맑음,단일로 - 기타,승용,여,24세,상해없음,보행자,남,54세,경상
2020041500100008,2020년 4월 15일 00시,수요일,경상북도 칠곡군 북삼읍,경상사고,0,0,1,0,차대사람 - 기타,안전운전불이행,포장 - 건조,흐림,단일로 - 기타,승용,남,38세,상해없음,보행자,남,35세,경상
2020041500100041,2020년 4월 15일 02시,수요일,경상북도 안동시 천리동,경상사고,0,0,1,0,차대사람 - 횡단중,안전운전불이행,포장 - 건조,맑음,교차로 - 교차로안,건설기계,남,57세,상해없음,보행자,여,83세,경상
2020041500100242,2020년 4월 15일 14시,수요일,경상북도 구미시 봉곡동,중상사고,0,1,0,0,차대사람 - 기타,안전운전불이행,포장 - 건조,맑음,교차로 - 교차로부근,승용,남,36세,기타불명,보행자,남,61세,중상
2020041500100464,2020년 4월 15일 22시,수요일,경상북도 칠곡군 지천면,경상사고,0,0,1,0,차대사람 - 기타,안전운전불이행,포장 - 건조,흐림,단일로 - 기타,기타불명,기타불명,미분류,기타불명,보행자,남,28세,경상
2020041600100244,2020년 4월 16일 14시,목요일,경상북도 경주시 황오동,중상사고,0,1,0,0,차대사람 - 차도통행중,안전운전불이행,포장 - 건조,맑음,단일로 - 기타,자전거,남,64세,상해없음,보행자,여,69세,중상
2020041600100316,2020년 4월 16일 16시,목요일,경상북도 구미시 황상동,중상사고,0,1,0,0,차대사람 - 횡단중,안전운전불이행,포장 - 건조,맑음,단일로 - 기타,승용,남,34세,상해없음,보행자,여,31세,중상
2020041600100345,2020년 4월 16일 17시,목요일,경상북도 문경시 모전동,중상사고,0,1,0,0,차대사람 - 횡단중,안전운전불이행,포장 - 건조,맑음,단일로 - 기타,승합,남,42세,상해없음,보행자,남,4세,중상
2020041700100026,2020년 4월 17일 02시,금요일,경상북도 구미시 원평동,경상사고,0,0,1,0,차대사람 - 기타,안전운전불이행,포장 - 건조,맑음,기타 - 기타,승용,여,24세,상해없음,보행자,남,26세,경상
2020041700100063,2020년 4월 17일 07시,금요일,경상북도 포항시 북구 동빈2가,경상사고,0,0,1,0,차대사람 - 기타,안전운전불이행,포장 - 건조,맑음,단일로 - 기타,자전거,남,36세,상해없음,보행자,남,71세,경상
2020041700100090,2020년 4월 17일 08시,금요일,경상북도 포항시 남구 효자동,중상사고,0,1,0,0,차대사람 - 횡단중,보행자보호의무위반,포장 - 건조,맑음,교차로 - 교차로횡단보도내,승용,여,49세,상해없음,보행자,여,58세,중상
2020041700100167,2020년 4월 17일 11시,금요일,경상북도 영천시 문내동,경상사고,0,0,1,0,차대사람 - 횡단중,안전운전불이행,포장 - 젖음/습기,비,단일로 - 기타,승용,남,63세,상해없음,보행자,남,39세,경상
2020041700100227,2020년 4월 17일 13시,금요일,경상북도 봉화군 소천면,사망사고,1,0,0,0,차대사람 - 기타,안전운전불이행,포장 - 건조,맑음,기타 - 기타,화물,남,62세,상해없음,보행자,여,71세,사망
2020041700100326,2020년 4월 17일 16시,금요일,경상북도 영주시 봉현면,사망사고,1,0,0,0,차대사람 - 기타,안전운전불이행,포장 - 건조,흐림,단일로 - 기타,승용,남,76세,상해없음,보행자,여,73세,사망
2020041800100125,2020년 4월 18일 09시,토요일,경상북도 김천시 백옥동,중상사고,0,1,0,0,차대사람 - 기타,안전운전불이행,포장 - 건조,맑음,단일로 - 기타,화물,남,72세,상해없음,보행자,여,74세,중상
2020041800100126,2020년 4월 18일 09시,토요일,경상북도 영천시 화북면,중상사고,0,1,0,0,차대사람 - 횡단중,보행자보호의무위반,포장 - 젖음/습기,맑음,교차로 - 교차로횡단보도내,승용,남,27세,상해없음,보행자,여,80세,중상
2020041800100327,2020년 4월 18일 15시,토요일,경상북도 안동시 광석동,중상사고,0,1,0,0,차대사람 - 기타,보행자보호의무위반,포장 - 건조,맑음,교차로 - 교차로부근,화물,남,46세,상해없음,보행자,여,17세,중상
2020041800100356,2020년 4월 18일 16시,토요일,경상북도 포항시 북구 여천동,중상사고,0,1,0,0,차대사람 - 횡단중,보행자보호의무위반,포장 - 건조,맑음,교차로 - 교차로횡단보도내,승용,여,51세,상해없음,보행자,남,47세,중상
2020041800100542,2020년 4월 18일 23시,토요일,경상북도 칠곡군 지천면,중상사고,0,1,0,0,차대사람 - 차도통행중,안전운전불이행,포장 - 건조,맑음,단일로 - 기타,승용,남,35세,상해없음,보행자,남,64세,중상
2020041900100012,2020년 4월 19일 00시,일요일,경상북도 경주시 황오동,경상사고,0,0,1,0,차대사람 - 길가장자리구역통행중,안전운전불이행,포장 - 건조,맑음,단일로 - 기타,승용,남,24세,상해없음,보행자,남,61세,경상
2020041900100013,2020년 4월 19일 00시,일요일,경상북도 안동시 용상동,중상사고,0,1,0,0,차대사람 - 횡단중,보행자보호의무위반,포장 - 건조,맑음,단일로 - 기타,승용,여,60세,상해없음,보행자,남,58세,중상
2020041900100015,2020년 4월 19일 00시,일요일,경상북도 경산시 조영동,경상사고,0,0,1,0,차대사람 - 기타,안전운전불이행,포장 - 건조,맑음,교차로 - 교차로안,승용,남,18세,상해없음,보행자,남,25세,경상
2020041900100110,2020년 4월 19일 11시,일요일,경상북도 경주시 안강읍,중상사고,0,1,0,0,차대사람 - 횡단중,안전운전불이행,포장 - 건조,맑음,주차장 - 주차장,특수,남,62세,상해없음,보행자,여,81세,중상
2020041900100111,2020년 4월 19일 11시,일요일,경상북도 경주시 황성동,부상신고사고,0,0,0,1,차대사람 - 차도통행중,안전운전불이행,포장 - 건조,맑음,교차로 - 교차로부근,기타불명,기타불명,미분류,기타불명,보행자,남,76세,부상신고
2020041900100313,2020년 4월 19일 19시,일요일,경상북도 경주시 현곡면,중상사고,0,1,0,0,차대사람 - 차도통행중,기타,비포장 - 젖음/습기,비,단일로 - 기타,자전거,여,39세,상해없음,보행자,남,31세,중상
2020041900100343,2020년 4월 19일 20시,일요일,경상북도 경산시 계양동,중상사고,0,1,0,0,차대사람 - 횡단중,보행자보호의무위반,포장 - 젖음/습기,비,교차로 - 교차로횡단보도내,이륜,남,41세,상해없음,보행자,남,51세,중상
2020041900100408,2020년 4월 19일 23시,일요일,경상북도 경주시 외동읍,경상사고,0,0,1,0,차대사람 - 횡단중,보행자보호의무위반,포장 - 젖음/습기,비,교차로 - 교차로횡단보도내,기타불명,기타불명,미분류,기타불명,보행자,여,59세,경상
2020042000100117,2020년 4월 20일 09시,월요일,경상북도 포항시 남구 오천읍,경상사고,0,0,1,0,차대사람 - 차도통행중,안전거리미확보,포장 - 건조,맑음,교차로 - 교차로부근,승용,여,61세,상해없음,보행자,남,58세,경상
2020042000100207,2020년 4월 20일 12시,월요일,경상북도 포항시 북구 용흥동,중상사고,0,1,0,0,차대사람 - 기타,안전운전불이행,포장 - 건조,맑음,단일로 - 기타,이륜,남,24세,상해없음,보행자,여,58세,중상
2020042000100238,2020년 4월 20일 13시,월요일,경상북도 문경시 영순면,경상사고,0,0,1,0,차대사람 - 차도통행중,안전운전불이행,포장 - 건조,맑음,교차로 - 교차로부근,화물,남,57세,상해없음,보행자,남,61세,경상
2020042000100347,2020년 4월 20일 16시,월요일,경상북도 경산시 계양동,경상사고,0,0,1,0,차대사람 - 길가장자리구역통행중,안전운전불이행,포장 - 건조,맑음,교차로 - 교차로부근,승용,여,52세,상해없음,보행자,남,47세,경상
2020042000100379,2020년 4월 20일 17시,월요일,경상북도 포항시 남구 상도동,경상사고,0,0,1,0,차대사람 - 기타,안전운전불이행,포장 - 건조,맑음,단일로 - 기타,승용,여,69세,상해없음,보행자,여,21세,경상
2020042000100407,2020년 4월 20일 18시,월요일,경상북도 안동시 태화동,경상사고,0,0,1,0,차대사람 - 기타,안전운전불이행,포장 - 건조,맑음,단일로 - 기타,승용,남,46세,상해없음,보행자,남,38세,경상
2020042000100510,2020년 4월 20일 22시,월요일,경상북도 안동시 평화동,중상사고,0,1,0,0,차대사람 - 횡단중,신호위반,포장 - 건조,맑음,교차로 - 교차로횡단보도내,승용,남,25세,상해없음,보행자,남,14세,중상
2020042100100150,2020년 4월 21일 10시,화요일,경상북도 구미시 진평동,중상사고,0,1,0,0,차대사람 - 횡단중,보행자보호의무위반,포장 - 건조,맑음,기타 - 기타,승합,남,51세,상해없음,보행자,여,61세,중상
2020042100100173,2020년 4월 21일 11시,화요일,경상북도 구미시 원평동,경상사고,0,0,1,0,차대사람 - 기타,안전운전불이행,포장 - 건조,맑음,단일로 - 기타,승용,남,67세,상해없음,보행자,여,73세,경상
2020042100100265,2020년 4월 21일 14시,화요일,경상북도 김천시 평화동,경상사고,0,0,2,0,차대사람 - 횡단중,신호위반,포장 - 건조,맑음,단일로 - 기타,승용,여,60세,상해없음,보행자,여,27세,경상
2020042200100160,2020년 4월 22일 10시,수요일,경상북도 포항시 남구 대잠동,중상사고,0,2,0,0,차대사람 - 횡단중,보행자보호의무위반,포장 - 건조,맑음,교차로 - 교차로횡단보도내,승용,여,44세,상해없음,보행자,여,65세,중상
2020042200100161,2020년 4월 22일 10시,수요일,경상북도 포항시 남구 청림동,경상사고,0,0,1,0,차대사람 - 기타,기타,포장 - 건조,맑음,단일로 - 기타,승합,남,59세,상해없음,보행자,여,75세,경상
2020042200100222,2020년 4월 22일 12시,수요일,경상북도 구미시 임은동,경상사고,0,0,1,0,차대사람 - 길가장자리구역통행중,안전운전불이행,포장 - 건조,맑음,단일로 - 기타,승용,남,53세,상해없음,보행자,남,30세,경상
2020042200100443,2020년 4월 22일 19시,수요일,경상북도 구미시 황상동,경상사고,0,0,1,1,차대사람 - 기타,안전운전불이행,포장 - 건조,맑음,교차로 - 교차로횡단보도내,이륜,남,28세,부상신고,보행자,여,49세,경상
2020042300100258,2020년 4월 23일 14시,목요일,경상북도 영주시 휴천동,중상사고,0,1,0,0,차대사람 - 횡단중,안전운전불이행,포장 - 건조,맑음,단일로 - 기타,승용,남,81세,상해없음,보행자,여,66세,중상
2020042300100369,2020년 4월 23일 17시,목요일,경상북도 경주시 황남동,경상사고,0,0,1,0,차대사람 - 차도통행중,안전운전불이행,포장 - 건조,맑음,단일로 - 기타,승용,남,26세,상해없음,보행자,여,28세,경상
2020042400100285,2020년 4월 24일 13시,금요일,경상북도 안동시 남문동,중상사고,0,1,0,0,차대사람 - 차도통행중,안전운전불이행,포장 - 건조,맑음,교차로 - 교차로안,승용,여,54세,상해없음,보행자,여,71세,중상
2020042400100311,2020년 4월 24일 14시,금요일,경상북도 안동시 태화동,경상사고,0,0,1,0,차대사람 - 보도통행중,보행자보호의무위반,포장 - 건조,맑음,교차로 - 교차로횡단보도내,원동기,남,26세,상해없음,보행자,여,59세,경상
2020042400100444,2020년 4월 24일 17시,금요일,경상북도 경산시 평산동,중상사고,0,1,0,0,차대사람 - 횡단중,안전운전불이행,포장 - 건조,맑음,교차로 - 교차로안,승용,남,66세,상해없음,보행자,남,83세,중상
2020042400100621,2020년 4월 24일 22시,금요일,경상북도 경주시 안강읍,경상사고,0,0,1,0,차대사람 - 차도통행중,안전운전불이행,포장 - 건조,맑음,단일로 - 기타,승용,남,29세,상해없음,보행자,남,48세,경상
2020042400100623,2020년 4월 24일 22시,금요일,경상북도 경산시 사정동,중상사고,0,1,0,0,차대사람 - 횡단중,안전운전불이행,포장 - 건조,맑음,단일로 - 기타,승용,남,36세,상해없음,보행자,남,56세,중상
2020042400100641,2020년 4월 24일 23시,금요일,경상북도 경주시 성건동,경상사고,0,0,1,0,차대사람 - 길가장자리구역통행중,안전운전불이행,포장 - 건조,맑음,교차로 - 교차로부근,승용,여,48세,상해없음,보행자,남,59세,경상
2020042400100644,2020년 4월 24일 23시,금요일,경상북도 경산시 조영동,부상신고사고,0,0,0,1,차대사람 - 기타,안전운전불이행,포장 - 건조,맑음,교차로 - 교차로안,승용,남,29세,상해없음,보행자,남,27세,부상신고
2020042500100174,2020년 4월 25일 10시,토요일,경상북도 성주군 초전면,중상사고,0,1,0,0,차대사람 - 횡단중,안전운전불이행,포장 - 건조,맑음,단일로 - 기타,승용,여,55세,상해없음,보행자,남,65세,중상
2020042500100234,2020년 4월 25일 12시,토요일,경상북도 경주시 강동면,중상사고,0,1,0,0,차대사람 - 차도통행중,안전운전불이행,포장 - 건조,맑음,교차로 - 교차로안,승용,여,66세,상해없음,보행자,여,74세,중상
2020042500100404,2020년 4월 25일 17시,토요일,경상북도 영덕군 강구면,경상사고,0,0,1,0,차대사람 - 횡단중,안전운전불이행,포장 - 건조,맑음,단일로 - 기타,승용,남,26세,상해없음,보행자,남,7세,경상
2020042600100010,2020년 4월 26일 00시,일요일,경상북도 구미시 원평동,경상사고,0,0,1,0,차대사람 - 길가장자리구역통행중,안전운전불이행,포장 - 건조,맑음,단일로 - 기타,승용,남,21세,상해없음,보행자,여,18세,경상
2020042600100160,2020년 4월 26일 11시,일요일,경상북도 포항시 남구 송도동,중상사고,0,1,0,0,차대사람 - 횡단중,안전운전불이행,포장 - 건조,맑음,교차로 - 교차로안,승용,여,73세,상해없음,보행자,여,75세,중상
2020042600100452,2020년 4월 26일 22시,일요일,경상북도 포항시 남구 오천읍,중상사고,0,1,0,0,차대사람 - 기타,안전운전불이행,포장 - 건조,맑음,단일로 - 기타,승용,여,50세,상해없음,보행자,남,50세,중상
2020042700100036,2020년 4월 27일 05시,월요일,경상북도 영천시 완산동,경상사고,0,0,1,0,차대사람 - 기타,안전운전불이행,포장 - 건조,맑음,단일로 - 기타,승용,남,77세,상해없음,보행자,여,67세,경상
2020042700100269,2020년 4월 27일 13시,월요일,경상북도 경산시 하양읍,중상사고,0,1,0,0,차대사람 - 기타,안전운전불이행,포장 - 건조,맑음,단일로 - 기타,승용,남,28세,상해없음,보행자,남,56세,중상
2020042700100342,2020년 4월 27일 15시,월요일,경상북도 문경시 흥덕동,경상사고,0,0,1,0,차대사람 - 차도통행중,안전운전불이행,포장 - 건조,맑음,단일로 - 기타,승용,여,44세,상해없음,보행자,여,72세,경상
2020042700100432,2020년 4월 27일 17시,월요일,경상북도 구미시 선산읍,중상사고,0,1,0,0,차대사람 - 기타,안전운전불이행,포장 - 건조,맑음,단일로 - 기타,승용,여,54세,상해없음,보행자,남,63세,중상
2020042700100618,2020년 4월 27일 23시,월요일,경상북도 칠곡군 왜관읍,경상사고,0,0,1,0,차대사람 - 횡단중,안전운전불이행,포장 - 건조,맑음,교차로 - 교차로안,승용,남,30세,상해없음,보행자,남,58세,경상
2020042800100073,2020년 4월 28일 07시,화요일,경상북도 예천군 예천읍,사망사고,1,0,0,0,차대사람 - 기타,안전운전불이행,포장 - 건조,맑음,단일로 - 기타,화물,남,33세,상해없음,보행자,남,58세,사망
2020042800100219,2020년 4월 28일 11시,화요일,경상북도 구미시 공단동,경상사고,0,0,1,0,차대사람 - 기타,안전운전불이행,포장 - 건조,맑음,단일로 - 기타,승용,남,45세,상해없음,보행자,남,25세,경상
2020042800100278,2020년 4월 28일 13시,화요일,경상북도 경산시 옥산동,경상사고,0,0,1,0,차대사람 - 기타,안전운전불이행,포장 - 건조,맑음,단일로 - 기타,승용,여,44세,상해없음,보행자,여,26세,경상
2020042800100562,2020년 4월 28일 20시,화요일,경상북도 구미시 수점동,중상사고,0,1,0,0,차대사람 - 횡단중,안전운전불이행,포장 - 건조,맑음,단일로 - 기타,승용,남,28세,상해없음,보행자,여,69세,중상
2020042900100127,2020년 4월 29일 09시,수요일,경상북도 안동시 송현동,경상사고,0,0,1,0,차대사람 - 기타,안전운전불이행,포장 - 건조,맑음,단일로 - 기타,승용,남,58세,상해없음,보행자,여,50세,경상
2020042900100232,2020년 4월 29일 12시,수요일,경상북도 포항시 북구 죽도동,경상사고,0,0,1,0,차대사람 - 차도통행중,안전운전불이행,포장 - 건조,맑음,단일로 - 기타,승용,남,70세,상해없음,보행자,남,58세,상해없음
2020042900100235,2020년 4월 29일 12시,수요일,경상북도 구미시 송정동,경상사고,0,0,1,0,차대사람 - 횡단중,보행자보호의무위반,포장 - 건조,맑음,교차로 - 교차로횡단보도내,승용,남,36세,상해없음,보행자,여,46세,경상
2020042900100392,2020년 4월 29일 16시,수요일,경상북도 성주군 대가면,경상사고,0,0,1,0,차대사람 - 기타,안전운전불이행,포장 - 건조,맑음,단일로 - 기타,승용,여,34세,상해없음,보행자,남,34세,경상
2020042900100444,2020년 4월 29일 17시,수요일,경상북도 경산시 사정동,경상사고,0,0,1,0,차대사람 - 기타,안전운전불이행,포장 - 건조,맑음,교차로 - 교차로부근,승용,여,36세,기타불명,보행자,남,49세,경상
2020043000100275,2020년 4월 30일 13시,목요일,경상북도 예천군 예천읍,중상사고,0,1,0,0,차대사람 - 보도통행중,안전운전불이행,포장 - 건조,맑음,단일로 - 기타,화물,남,52세,상해없음,보행자,여,81세,중상
2020043000100401,2020년 4월 30일 16시,목요일,경상북도 안동시 송천동,중상사고,0,1,0,0,차대사람 - 횡단중,안전운전불이행,포장 - 건조,맑음,교차로 - 교차로안,화물,남,69세,상해없음,보행자,여,76세,중상
2020043000100557,2020년 4월 30일 21시,목요일,경상북도 경주시 황오동,중상사고,0,1,1,0,차대사람 - 횡단중,신호위반,포장 - 건조,맑음,교차로 - 교차로횡단보도내,승용,남,56세,상해없음,보행자,여,60세,중상
2020050100100074,2020년 5월 1일 08시,금요일,경상북도 경주시 성동동,중상사고,0,1,0,0,차대사람 - 차도통행중,안전운전불이행,포장 - 건조,맑음,교차로 - 교차로부근,승용,남,63세,상해없음,보행자,남,52세,중상
2020050100100209,2020년 5월 1일 12시,금요일,경상북도 김천시 신음동,경상사고,0,0,1,0,차대사람 - 횡단중,교차로운행방법위반,포장 - 건조,맑음,교차로 - 교차로안,승용,여,48세,상해없음,보행자,남,67세,경상
2020050100100253,2020년 5월 1일 13시,금요일,경상북도 청도군 금천면,중상사고,0,1,0,0,차대사람 - 길가장자리구역통행중,안전운전불이행,포장 - 건조,맑음,교차로 - 교차로부근,화물,남,73세,상해없음,보행자,여,66세,중상
2020050100100508,2020년 5월 1일 20시,금요일,경상북도 영주시 가흥동,중상사고,0,1,0,0,차대사람 - 횡단중,안전운전불이행,포장 - 건조,맑음,단일로 - 기타,승용,남,33세,상해없음,보행자,남,16세,중상
2020050100100513,2020년 5월 1일 20시,금요일,경상북도 구미시 송정동,경상사고,0,0,1,0,차대사람 - 횡단중,안전운전불이행,포장 - 건조,맑음,단일로 - 기타,승용,여,49세,상해없음,보행자,남,32세,경상
2020050200100050,2020년 5월 2일 03시,토요일,경상북도 안동시 옥동,경상사고,0,0,1,0,차대사람 - 길가장자리구역통행중,안전운전불이행,포장 - 건조,맑음,단일로 - 기타,승용,여,19세,상해없음,보행자,여,21세,경상
2020050200100134,2020년 5월 2일 10시,토요일,경상북도 경주시 성건동,경상사고,0,0,1,0,차대사람 - 길가장자리구역통행중,안전운전불이행,포장 - 건조,맑음,단일로 - 기타,승용,남,60세,상해없음,보행자,여,26세,경상
2020050200100215,2020년 5월 2일 12시,토요일,경상북도 경주시 황성동,경상사고,0,0,1,0,차대사람 - 기타,안전운전불이행,포장 - 건조,맑음,주차장 - 주차장,화물,남,24세,상해없음,보행자,남,22세,경상
2020050200100290,2020년 5월 2일 14시,토요일,경상북도 영천시 야사동,중상사고,0,1,0,0,차대사람 - 기타,안전운전불이행,포장 - 건조,맑음,단일로 - 기타,화물,남,74세,상해없음,보행자,여,84세,중상
2020050200100480,2020년 5월 2일 20시,토요일,경상북도 영천시 망정동,경상사고,0,0,1,0,차대사람 - 횡단중,안전운전불이행,포장 - 건조,맑음,단일로 - 기타,승용,남,59세,상해없음,보행자,여,47세,경상
2020050200100512,2020년 5월 2일 21시,토요일,경상북도 포항시 남구 구룡포읍,경상사고,0,0,1,0,차대사람 - 기타,불법유턴,포장 - 건조,맑음,단일로 - 기타,화물,남,42세,상해없음,보행자,여,62세,경상
2020050300100398,2020년 5월 3일 21시,일요일,경상북도 포항시 북구 장성동,중상사고,0,1,0,0,차대사람 - 횡단중,보행자보호의무위반,포장 - 건조,맑음,교차로 - 교차로횡단보도내,승용,남,35세,상해없음,보행자,여,51세,중상
2020050400100118,2020년 5월 4일 09시,월요일,경상북도 영덕군 영해면,중상사고,0,1,0,0,차대사람 - 횡단중,직진우회전진행방해,포장 - 건조,맑음,교차로 - 교차로안,화물,남,68세,상해없음,보행자,남,83세,중상
2020050400100193,2020년 5월 4일 11시,월요일,경상북도 경주시 노동동,중상사고,0,1,0,0,차대사람 - 횡단중,보행자보호의무위반,포장 - 건조,맑음,교차로 - 교차로횡단보도내,승용,남,68세,상해없음,보행자,여,24세,중상
2020050400100453,2020년 5월 4일 17시,월요일,경상북도 칠곡군 왜관읍,중상사고,0,1,0,0,차대사람 - 길가장자리구역통행중,안전운전불이행,포장 - 건조,맑음,단일로 - 기타,화물,남,64세,상해없음,보행자,남,62세,중상
2020050400100555,2020년 5월 4일 19시,월요일,경상북도 포항시 북구 환호동,중상사고,0,1,0,0,차대사람 - 횡단중,보행자보호의무위반,포장 - 건조,맑음,교차로 - 교차로횡단보도내,승용,남,49세,상해없음,보행자,남,37세,중상
2020050400100557,2020년 5월 4일 19시,월요일,경상북도 청송군 청송읍,중상사고,0,1,0,0,차대사람 - 횡단중,안전운전불이행,포장 - 건조,맑음,단일로 - 지하차도(도로)내,승용,남,71세,상해없음,보행자,남,60세,중상
2020050400100665,2020년 5월 4일 23시,월요일,경상북도 포항시 남구 오천읍,중상사고,0,1,0,0,차대사람 - 차도통행중,안전운전불이행,포장 - 건조,맑음,기타 - 기타,승용,남,25세,상해없음,보행자,남,55세,중상
2020050500100231,2020년 5월 5일 15시,화요일,경상북도 영주시 상망동,경상사고,0,0,1,0,차대사람 - 횡단중,안전운전불이행,포장 - 젖음/습기,비,단일로 - 기타,승용,여,47세,상해없음,보행자,여,19세,경상
2020050500100383,2020년 5월 5일 20시,화요일,경상북도 구미시 원평동,경상사고,0,0,1,0,차대사람 - 기타,안전운전불이행,포장 - 건조,맑음,기타 - 기타,승용,여,20세,상해없음,보행자,남,23세,경상
2020050600100165,2020년 5월 6일 10시,수요일,경상북도 김천시 평화동,중상사고,0,1,0,0,차대사람 - 횡단중,보행자보호의무위반,포장 - 건조,맑음,단일로 - 기타,승용,남,71세,상해없음,보행자,여,73세,중상
2020050600100279,2020년 5월 6일 13시,수요일,경상북도 김천시 부곡동,중상사고,0,1,0,0,차대사람 - 횡단중,안전운전불이행,포장 - 건조,맑음,단일로 - 기타,승용,남,61세,상해없음,보행자,여,74세,중상
2020050600100411,2020년 5월 6일 16시,수요일,경상북도 포항시 북구 우현동,중상사고,0,1,0,0,차대사람 - 횡단중,보행자보호의무위반,포장 - 건조,맑음,교차로 - 교차로횡단보도내,승용,여,57세,상해없음,보행자,여,51세,중상
2020050600100470,2020년 5월 6일 17시,수요일,경상북도 경산시 중방동,경상사고,0,0,1,0,차대사람 - 길가장자리구역통행중,안전운전불이행,포장 - 건조,맑음,단일로 - 기타,승용,남,65세,기타불명,보행자,남,58세,경상
2020050600100597,2020년 5월 6일 20시,수요일,경상북도 봉화군 봉화읍,중상사고,0,1,0,0,차대사람 - 기타,안전운전불이행,포장 - 건조,맑음,주차장 - 주차장,승용,남,36세,상해없음,보행자,남,62세,중상
2020050700100168,2020년 5월 7일 09시,목요일,경상북도 김천시 봉산면,사망사고,1,0,0,0,차대사람 - 길가장자리구역통행중,안전운전불이행,포장 - 건조,맑음,단일로 - 기타,승용,남,52세,상해없음,보행자,여,72세,사망
2020050700100248,2020년 5월 7일 11시,목요일,경상북도 경주시 천북면,경상사고,0,0,1,0,차대사람 - 차도통행중,안전운전불이행,포장 - 건조,맑음,주차장 - 주차장,승용,남,69세,상해없음,보행자,남,47세,경상
2020050700100401,2020년 5월 7일 15시,목요일,경상북도 상주시 낙양동,중상사고,0,1,0,0,차대사람 - 기타,기타,포장 - 건조,맑음,단일로 - 기타,승용,남,58세,상해없음,보행자,여,75세,중상
2020050700100441,2020년 5월 7일 16시,목요일,경상북도 성주군 성주읍,경상사고,0,0,1,0,차대사람 - 기타,안전운전불이행,포장 - 건조,맑음,주차장 - 주차장,승용,남,70세,기타불명,보행자,남,55세,경상
2020050800100129,2020년 5월 8일 09시,금요일,경상북도 경주시 노서동,중상사고,0,1,0,0,차대사람 - 차도통행중,안전운전불이행,포장 - 건조,맑음,단일로 - 지하차도(도로)내,승용,여,68세,상해없음,보행자,여,65세,중상
2020050800100197,2020년 5월 8일 11시,금요일,경상북도 성주군 월항면,중상사고,0,1,0,0,차대사람 - 기타,안전운전불이행,포장 - 건조,맑음,교차로 - 교차로안,화물,남,34세,상해없음,보행자,여,77세,중상
2020050800100418,2020년 5월 8일 17시,금요일,경상북도 구미시 공단동,경상사고,0,0,1,0,차대사람 - 횡단중,안전운전불이행,포장 - 건조,맑음,교차로 - 교차로부근,화물,남,55세,상해없음,보행자,여,30세,경상
2020050800100514,2020년 5월 8일 19시,금요일,경상북도 칠곡군 지천면,중상사고,0,1,0,0,차대사람 - 횡단중,안전운전불이행,포장 - 건조,맑음,단일로 - 기타,화물,남,57세,상해없음,보행자,남,67세,중상
2020050800100747,2020년 5월 8일 23시,금요일,경상북도 포항시 북구 죽도동,중상사고,0,1,0,0,차대사람 - 차도통행중,안전운전불이행,포장 - 젖음/습기,맑음,단일로 - 기타,승용,남,55세,상해없음,보행자,남,77세,중상