사고번호,사고일시,요일,시군구,사고내용,사망자수,중상자수,경상자수,부상신고자수,사고유형,법규위반,노면상태,기상상태,도로형태,가해운전자 차종,가해운전자 성별,가해운전자 연령,가해운전자 상해정도,피해운전자 차종,피해운전자 성별,피해운전자 연령,피해운전자 상해정도
2020071500100138,2020년 7월 15일 09시,수요일,경상북도 안동시 옥동,중상사고,0,1,0,0,차대사람 - 보도통행중,보행자보호의무위반,포장 - 건조,맑음,교차로 - 교차로횡단보도내,승용,남,62세,상해없음,보행자,남,70세,중상
2020071500100139,2020년 7월 15일 09시,수요일,경상북도 경산시 중산동,경상사고,0,0,1,0,차대사람 - 기타,기타,포장 - 젖음/습기,비,단일로 - 기타,승합,남,64세,상해없음,보행자,남,66세,경상
2020071500100270,2020년 7월 15일 13시,수요일,경상북도 안동시 삼산동,경상사고,0,0,1,0,차대사람 - 차도통행중,안전운전불이행,포장 - 건조,맑음,교차로 - 교차로안,승용,남,26세,상해없음,보행자,여,30세,경상
2020071500100420,2020년 7월 15일 17시,수요일,경상북도 김천시 황금동,경상사고,0,0,1,0,차대사람 - 보도통행중,보행자보호의무위반,포장 - 건조,맑음,교차로 - 교차로횡단보도내,승용,남,33세,상해없음,보행자,남,8세,경상
2020071600100187,2020년 7월 16일 10시,목요일,경상북도 안동시 수상동,중상사고,0,1,0,0,차대사람 - 길가장자리구역통행중,안전운전불이행,포장 - 건조,맑음,단일로 - 기타,화물,남,35세,상해없음,보행자,여,80세,중상
2020071600100413,2020년 7월 16일 16시,목요일,경상북도 경주시 용강동,경상사고,0,0,1,0,차대사람 - 길가장자리구역통행중,안전운전불이행,포장 - 건조,맑음,교차로 - 교차로부근,승용,남,18세,상해없음,보행자,남,48세,경상
2020071600100662,2020년 7월 16일 23시,목요일,경상북도 경주시 북군동,중상사고,0,1,0,0,차대사람 - 횡단중,안전운전불이행,포장 - 건조,맑음,단일로 - 기타,승용,여,48세,상해없음,보행자,남,24세,중상
2020071700100057,2020년 7월 17일 06시,금요일,경상북도 울진군 울진읍,중상사고,0,1,0,0,차대사람 - 횡단중,안전운전불이행,포장 - 건조,맑음,단일로 - 기타,승용,남,75세,상해없음,보행자,남,63세,중상
2020071700100165,2020년 7월 17일 10시,금요일,경상북도 영천시 완산동,중상사고,0,1,0,0,차대사람 - 횡단중,보행자보호의무위반,포장 - 건조,맑음,단일로 - 기타,승용,남,58세,상해없음,보행자,남,71세,중상
2020071700100316,2020년 7월 17일 14시,금요일,경상북도 포항시 남구 대도동,경상사고,0,0,1,0,차대사람 - 기타,안전운전불이행,포장 - 건조,맑음,기타 - 기타,기타불명,기타불명,미분류,기타불명,보행자,여,48세,경상
2020071700100353,2020년 7월 17일 15시,금요일,경상북도 성주군 초전면,사망사고,1,0,0,0,차대사람 - 기타,안전운전불이행,포장 - 건조,맑음,단일로 - 기타,화물,남,60세,상해없음,보행자,남,1세,사망
2020071800100079,2020년 7월 18일 06시,토요일,경상북도 경산시 대동,경상사고,0,0,1,0,차대사람 - 기타,안전운전불이행,포장 - 건조,맑음,기타 - 기타,승용,남,67세,상해없음,보행자,여,22세,경상
2020071800100533,2020년 7월 18일 20시,토요일,경상북도 포항시 북구 죽도동,경상사고,0,0,1,0,차대사람 - 횡단중,보행자보호의무위반,포장 - 건조,맑음,교차로 - 교차로횡단보도내,승용,남,33세,상해없음,보행자,남,63세,경상
2020071900100123,2020년 7월 19일 10시,일요일,경상북도 포항시 남구 인덕동,경상사고,0,0,1,0,차대사람 - 기타,안전운전불이행,포장 - 건조,맑음,단일로 - 기타,승용,남,23세,상해없음,보행자,여,69세,경상
2020071900100234,2020년 7월 19일 15시,일요일,경상북도 포항시 남구 연일읍,중상사고,0,1,0,0,차대사람 - 길가장자리구역통행중,안전운전불이행,포장 - 건조,맑음,단일로 - 기타,화물,남,57세,상해없음,보행자,여,57세,중상
2020072000100106,2020년 7월 20일 08시,월요일,경상북도 경주시 용강동,중상사고,0,1,0,0,차대사람 - 차도통행중,안전운전불이행,포장 - 건조,맑음,교차로 - 교차로안,승용,여,61세,상해없음,보행자,여,73세,중상
2020072000100348,2020년 7월 20일 16시,월요일,경상북도 경산시 정평동,경상사고,0,0,1,0,차대사람 - 기타,기타,포장 - 건조,흐림,기타 - 기타,승용,남,64세,상해없음,보행자,여,73세,경상
2020072000100423,2020년 7월 20일 18시,월요일,경상북도 봉화군 봉화읍,경상사고,0,0,1,0,차대사람 - 횡단중,안전운전불이행,포장 - 건조,맑음,기타 - 기타,승용,여,46세,상해없음,보행자,남,49세,경상
2020072000100508,2020년 7월 20일 21시,월요일,경상북도 포항시 북구 장성동,경상사고,0,0,1,0,차대사람 - 횡단중,보행자보호의무위반,포장 - 건조,맑음,교차로 - 교차로횡단보도내,승합,남,48세,상해없음,보행자,남,36세,경상
2020072000100509,2020년 7월 20일 21시,월요일,경상북도 경산시 하양읍,중상사고,0,1,0,0,차대사람 - 차도통행중,안전운전불이행,포장 - 건조,맑음,단일로 - 기타,승용,남,59세,상해없음,보행자,여,60세,중상
2020072000100529,2020년 7월 20일 22시,월요일,경상북도 구미시 선산읍,중상사고,0,1,0,0,차대사람 - 횡단중,안전운전불이행,포장 - 건조,맑음,교차로 - 교차로안,승용,남,38세,상해없음,보행자,남,51세,중상
2020072100100017,2020년 7월 21일 00시,화요일,경상북도 포항시 남구 해도동,경상사고,0,0,1,0,차대사람 - 횡단중,보행자보호의무위반,포장 - 건조,맑음,교차로 - 교차로횡단보도내,승용,여,41세,상해없음,보행자,남,56세,경상
2020072100100075,2020년 7월 21일 06시,화요일,경상북도 영양군 일월면,중상사고,0,1,0,0,차대사람 - 길가장자리구역통행중,안전운전불이행,포장 - 건조,맑음,교차로 - 교차로부근,승용,남,80세,상해없음,보행자,여,83세,중상
2020072100100113,2020년 7월 21일 08시,화요일,경상북도 경주시 외동읍,중상사고,0,1,0,0,차대사람 - 횡단중,보행자보호의무위반,포장 - 건조,맑음,교차로 - 교차로안,승용,여,50세,상해없음,보행자,남,45세,중상
2020072100100289,2020년 7월 21일 13시,화요일,경상북도 경산시 중방동,경상사고,0,0,1,0,차대사람 - 횡단중,기타,포장 - 건조,맑음,단일로 - 기타,승용,여,51세,상해없음,보행자,여,65세,경상
2020072100100524,2020년 7월 21일 19시,화요일,경상북도 경산시 옥곡동,경상사고,0,0,1,0,차대사람 - 기타,안전운전불이행,포장 - 건조,맑음,단일로 - 기타,승용,여,49세,상해없음,보행자,남,44세,경상
2020072200100334,2020년 7월 22일 14시,수요일,경상북도 영주시 영주동,경상사고,0,0,1,0,차대사람 - 기타,안전운전불이행,포장 - 젖음/습기,비,교차로 - 교차로안,화물,남,56세,상해없음,보행자,남,68세,경상
2020072200100497,2020년 7월 22일 18시,수요일,경상북도 포항시 북구 장성동,경상사고,0,0,2,0,차대사람 - 기타,보행자보호의무위반,포장 - 건조,맑음,단일로 - 기타,화물,남,52세,상해없음,보행자,여,24세,경상
2020072200100634,2020년 7월 22일 22시,수요일,경상북도 안동시 북문동,중상사고,0,1,0,0,차대사람 - 횡단중,안전운전불이행,포장 - 젖음/습기,비,단일로 - 기타,승용,남,53세,상해없음,보행자,남,55세,중상
2020072300100082,2020년 7월 23일 07시,목요일,경상북도 경주시 황성동,중상사고,0,1,0,0,차대사람 - 횡단중,보행자보호의무위반,포장 - 젖음/습기,흐림,교차로 - 교차로횡단보도내,승용,여,28세,상해없음,보행자,남,35세,중상
2020072300100172,2020년 7월 23일 10시,목요일,경상북도 문경시 모전동,부상신고사고,0,0,0,1,차대사람 - 기타,안전운전불이행,포장 - 건조,맑음,교차로 - 교차로부근,승용,남,68세,상해없음,보행자,여,60세,부상신고
2020072300100193,2020년 7월 23일 11시,목요일,경상북도 울진군 죽변면,중상사고,0,1,0,0,차대사람 - 횡단중,보행자보호의무위반,포장 - 건조,맑음,교차로 - 교차로안,승용,여,47세,상해없음,보행자,여,69세,중상
2020072300100548,2020년 7월 23일 20시,목요일,경상북도 포항시 북구 죽도동,중상사고,0,1,0,0,차대사람 - 차도통행중,신호위반,포장 - 건조,맑음,단일로 - 기타,승용,남,58세,상해없음,보행자,여,64세,중상
2020072300100549,2020년 7월 23일 20시,목요일,경상북도 영천시 금호읍,중상사고,0,1,0,0,차대사람 - 차도통행중,안전운전불이행,포장 - 젖음/습기,비,단일로 - 기타,승용,남,51세,상해없음,보행자,남,65세,중상
2020072300100601,2020년 7월 23일 21시,목요일,경상북도 경산시 하양읍,중상사고,0,1,0,0,차대사람 - 횡단중,안전운전불이행,포장 - 젖음/습기,비,단일로 - 기타,승용,여,60세,상해없음,보행자,남,27세,중상
2020072300100653,2020년 7월 23일 22시,목요일,경상북도 경산시 중방동,중상사고,0,1,0,0,차대사람 - 기타,안전운전불이행,포장 - 젖음/습기,비,교차로 - 교차로부근,승용,남,47세,상해없음,보행자,남,57세,중상
2020072400100095,2020년 7월 24일 08시,금요일,경상북도 포항시 남구 대잠동,부상신고사고,0,0,0,1,차대사람 - 기타,신호위반,포장 - 건조,흐림,교차로 - 교차로횡단보도내,승용,남,67세,상해없음,보행자,남,59세,부상신고
2020072400100270,2020년 7월 24일 14시,금요일,경상북도 의성군 안계면,중상사고,0,1,0,0,차대사람 - 횡단중,보행자보호의무위반,포장 - 젖음/습기,맑음,교차로 - 교차로안,화물,남,37세,상해없음,보행자,여,84세,중상
2020072400100383,2020년 7월 24일 17시,금요일,경상북도 포항시 남구 대도동,중상사고,0,1,0,0,차대사람 - 횡단중,안전운전불이행,포장 - 건조,맑음,단일로 - 기타,화물,남,61세,상해없음,보행자,여,71세,중상
2020072400100521,2020년 7월 24일 20시,금요일,경상북도 김천시 부곡동,중상사고,0,1,0,0,차대사람 - 횡단중,안전운전불이행,포장 - 젖음/습기,비,단일로 - 기타,승용,남,26세,상해없음,보행자,여,58세,중상
2020072400100571,2020년 7월 24일 21시,금요일,경상북도 포항시 남구 연일읍,경상사고,0,0,1,0,차대사람 - 기타,안전운전불이행,포장 - 젖음/습기,비,교차로 - 교차로안,승용,남,42세,상해없음,보행자,남,60세,경상
2020072400100640,2020년 7월 24일 23시,금요일,경상북도 포항시 북구 항구동,경상사고,0,0,1,0,차대사람 - 횡단중,보행자보호의무위반,포장 - 젖음/습기,비,교차로 - 교차로횡단보도내,승용,남,25세,상해없음,보행자,남,44세,경상
2020072400100645,2020년 7월 24일 23시,금요일,경상북도 포항시 남구 이동,경상사고,0,0,1,0,차대사람 - 차도통행중,중앙선침범,포장 - 젖음/습기,비,교차로 - 교차로부근,승용,남,36세,상해없음,보행자,남,40세,경상
2020072500100012,2020년 7월 25일 00시,토요일,경상북도 포항시 북구 죽도동,중상사고,0,2,0,0,차대사람 - 횡단중,안전운전불이행,포장 - 젖음/습기,비,단일로 - 기타,이륜,남,33세,상해없음,보행자,남,51세,중상
2020072500100136,2020년 7월 25일 08시,토요일,경상북도 포항시 남구 상도동,경상사고,0,0,1,0,차대사람 - 기타,안전운전불이행,포장 - 젖음/습기,흐림,단일로 - 기타,승용,여,53세,상해없음,보행자,여,21세,경상
2020072500100335,2020년 7월 25일 14시,토요일,경상북도 포항시 남구 오천읍,경상사고,0,0,1,0,차대사람 - 기타,안전운전불이행,포장 - 젖음/습기,흐림,단일로 - 기타,화물,남,65세,상해없음,보행자,여,63세,경상
2020072500100545,2020년 7월 25일 20시,토요일,경상북도 칠곡군 약목면,중상사고,0,1,0,0,차대사람 - 횡단중,안전운전불이행,포장 - 건조,맑음,단일로 - 기타,승용,남,47세,상해없음,보행자,여,63세,중상
2020072500100546,2020년 7월 25일 20시,토요일,경상북도 구미시 원평동,중상사고,0,1,0,0,차대사람 - 차도통행중,안전운전불이행,포장 - 건조,흐림,교차로 - 교차로안,승용,남,67세,상해없음,보행자,여,72세,중상
2020072500100610,2020년 7월 25일 22시,토요일,경상북도 경산시 계양동,경상사고,0,0,1,0,차대사람 - 기타,안전운전불이행,포장 - 건조,맑음,교차로 - 교차로부근,승용,남,34세,상해없음,보행자,남,51세,경상
2020072500100611,2020년 7월 25일 22시,토요일,경상북도 구미시 원평동,사망사고,1,0,0,0,차대사람 - 기타,안전운전불이행,포장 - 건조,맑음,교차로 - 교차로부근,화물,여,37세,상해없음,보행자,남,73세,사망
2020072600100028,2020년 7월 26일 01시,일요일,경상북도 포항시 남구 오천읍,중상사고,0,2,0,0,차대사람 - 기타,중앙선침범,포장 - 건조,맑음,교차로 - 교차로부근,승용,남,48세,상해없음,보행자,남,49세,중상
2020072600100041,2020년 7월 26일 02시,일요일,경상북도 포항시 북구 죽도동,중상사고,0,1,0,0,차대사람 - 차도통행중,안전운전불이행,포장 - 건조,맑음,교차로 - 교차로안,승용,남,51세,상해없음,보행자,남,40세,중상
2020072600100066,2020년 7월 26일 05시,일요일,경상북도 영천시 봉동,경상사고,0,0,1,0,차대사람 - 기타,안전운전불이행,포장 - 건조,맑음,단일로 - 기타,화물,남,59세,상해없음,보행자,남,29세,경상
2020072600100168,2020년 7월 26일 12시,일요일,경상북도 영천시 화룡동,경상사고,0,0,1,0,차대사람 - 기타,안전운전불이행,포장 - 건조,맑음,교차로 - 교차로부근,승용,남,67세,상해없음,보행자,남,45세,경상
2020072600100266,2020년 7월 26일 15시,일요일,경상북도 영천시 야사동,중상사고,0,1,0,0,차대사람 - 횡단중,보행자보호의무위반,포장 - 건조,맑음,교차로 - 교차로횡단보도내,승용,여,61세,상해없음,보행자,여,62세,중상
2020072600100357,2020년 7월 26일 18시,일요일,경상북도 성주군 성주읍,경상사고,0,0,1,0,차대사람 - 기타,기타,포장 - 건조,흐림,단일로 - 기타,승용,여,50세,상해없음,보행자,여,8세,경상
2020072700100047,2020년 7월 27일 06시,월요일,경상북도 고령군 운수면,중상사고,0,1,0,0,차대사람 - 차도통행중,안전운전불이행,포장 - 건조,맑음,단일로 - 기타,승용,여,55세,상해없음,보행자,여,73세,중상
2020072700100067,2020년 7월 27일 07시,월요일,경상북도 칠곡군 왜관읍,사망사고,1,0,0,0,차대사람 - 횡단중,보행자보호의무위반,포장 - 건조,흐림,교차로 - 교차로횡단보도내,승용,남,74세,상해없음,보행자,여,81세,사망
2020072700100366,2020년 7월 27일 15시,월요일,경상북도 구미시 오태동,부상신고사고,0,0,0,1,차대사람 - 횡단중,신호위반,포장 - 건조,맑음,교차로 - 교차로안,승용,여,36세,상해없음,보행자,여,21세,부상신고
2020072700100543,2020년 7월 27일 20시,월요일,경상북도 칠곡군 석적읍,경상사고,0,0,1,0,차대사람 - 차도통행중,안전운전불이행,포장 - 건조,맑음,교차로 - 교차로안,승용,남,47세,상해없음,보행자,남,43세,경상
2020072700100569,2020년 7월 27일 21시,월요일,경상북도 포항시 북구 용흥동,경상사고,0,0,2,0,차대사람 - 기타,안전운전불이행,포장 - 젖음/습기,비,교차로 - 교차로부근,승용,남,52세,상해없음,보행자,남,18세,경상
2020072800100201,2020년 7월 28일 12시,화요일,경상북도 영덕군 영덕읍,경상사고,0,0,2,0,차대사람 - 횡단중,안전운전불이행,포장 - 건조,맑음,교차로 - 교차로안,승용,남,57세,상해없음,보행자,여,37세,경상
2020072800100253,2020년 7월 28일 14시,화요일,경상북도 상주시 서문동,경상사고,0,0,1,0,차대사람 - 횡단중,보행자보호의무위반,포장 - 건조,흐림,교차로 - 교차로횡단보도내,자전거,남,56세,상해없음,보행자,남,10세,경상
2020072800100294,2020년 7월 28일 15시,화요일,경상북도 청송군 진보면,경상사고,0,0,1,0,차대사람 - 기타,안전운전불이행,포장 - 건조,맑음,단일로 - 기타,화물,남,69세,상해없음,보행자,남,7세,경상
2020072800100325,2020년 7월 28일 16시,화요일,경상북도 경산시 정평동,경상사고,0,0,1,0,차대사람 - 횡단중,보행자보호의무위반,포장 - 젖음/습기,흐림,교차로 - 교차로안,승용,남,51세,상해없음,보행자,여,12세,경상
2020072800100364,2020년 7월 28일 17시,화요일,경상북도 김천시 성내동,경상사고,0,0,1,0,차대사람 - 보도통행중,보행자보호의무위반,포장 - 젖음/습기,비,교차로 - 교차로안,승용,남,47세,상해없음,보행자,여,57세,경상
2020072800100454,2020년 7월 28일 19시,화요일,경상북도 경산시 옥산동,중상사고,0,1,0,0,차대사람 - 횡단중,보행자보호의무위반,포장 - 젖음/습기,비,교차로 - 교차로횡단보도내,승용,남,60세,상해없음,보행자,여,63세,중상
2020072800100579,2020년 7월 28일 23시,화요일,경상북도 경주시 용강동,중상사고,0,1,1,0,차대사람 - 횡단중,신호위반,포장 - 젖음/습기,비,교차로 - 교차로횡단보도내,승용,남,62세,상해없음,보행자,여,51세,중상
2020072900100108,2020년 7월 29일 08시,수요일,경상북도 포항시 남구 장흥동,경상사고,0,0,1,0,차대사람 - 횡단중,안전운전불이행,포장 - 젖음/습기,비,교차로 - 교차로횡단보도내,승용,남,71세,상해없음,보행자,여,54세,경상
2020072900100173,2020년 7월 29일 10시,수요일,경상북도 김천시 신음동,중상사고,0,1,0,0,차대사람 - 횡단중,보행자보호의무위반,포장 - 건조,맑음,교차로 - 교차로횡단보도내,승용,여,58세,상해없음,보행자,여,70세,중상
2020072900100205,2020년 7월 29일 11시,수요일,경상북도 포항시 북구 죽도동,중상사고,0,1,0,0,차대사람 - 차도통행중,안전운전불이행,포장 - 건조,맑음,단일로 - 기타,승용,여,62세,상해없음,보행자,남,61세,중상
2020072900100276,2020년 7월 29일 13시,수요일,경상북도 영주시 휴천동,중상사고,0,1,0,0,차대사람 - 횡단중,보행자보호의무위반,포장 - 젖음/습기,비,교차로 - 교차로횡단보도내,화물,남,53세,상해없음,보행자,남,78세,중상
2020072900100348,2020년 7월 29일 15시,수요일,경상북도 상주시 남성동,경상사고,0,0,1,0,차대사람 - 기타,안전운전불이행,포장 - 젖음/습기,비,단일로 - 기타,승용,여,42세,상해없음,보행자,여,63세,경상
2020072900100452,2020년 7월 29일 18시,수요일,경상북도 안동시 송현동,중상사고,0,1,0,0,차대사람 - 횡단중,보행자보호의무위반,포장 - 건조,맑음,교차로 - 교차로횡단보도내,승용,여,50세,상해없음,보행자,남,7세,중상
2020072900100518,2020년 7월 29일 20시,수요일,경상북도 구미시 옥계동,경상사고,0,0,1,0,차대사람 - 기타,안전운전불이행,포장 - 건조,맑음,단일로 - 기타,승용,여,33세,상해없음,보행자,여,17세,경상
2020072900100542,2020년 7월 29일 21시,수요일,경상북도 포항시 남구 해도동,중상사고,0,1,0,0,차대사람 - 차도통행중,안전운전불이행,포장 - 젖음/습기,비,교차로 - 교차로부근,화물,남,46세,상해없음,보행자,남,80세,중상
2020073000100088,2020년 7월 30일 07시,목요일,경상북도 상주시 서문동,중상사고,0,1,0,0,차대사람 - 횡단중,보행자보호의무위반,포장 - 젖음/습기,비,교차로 - 교차로안,승용,남,69세,상해없음,보행자,남,84세,중상
2020073000100262,2020년 7월 30일 13시,목요일,경상북도 김천시 평화동,경상사고,0,0,1,0,차대사람 - 횡단중,안전운전불이행,포장 - 건조,맑음,단일로 - 기타,승용,남,83세,상해없음,보행자,여,64세,경상
2020073000100482,2020년 7월 30일 19시,목요일,경상북도 구미시 구평동,경상사고,0,0,1,0,차대사람 - 기타,안전운전불이행,포장 - 건조,맑음,단일로 - 기타,승용,남,26세,상해없음,보행자,남,5세,경상
2020073100100178,2020년 7월 31일 11시,금요일,경상북도 안동시 삼산동,중상사고,0,1,0,0,차대사람 - 보도통행중,보행자보호의무위반,포장 - 건조,맑음,단일로 - 기타,이륜,남,21세,상해없음,보행자,여,57세,중상
2020073100100253,2020년 7월 31일 13시,금요일,경상북도 경주시 황남동,경상사고,0,0,1,0,차대사람 - 길가장자리구역통행중,안전운전불이행,포장 - 건조,맑음,단일로 - 기타,승용,여,25세,상해없음,보행자,여,22세,경상
2020073100100254,2020년 7월 31일 13시,금요일,경상북도 칠곡군 왜관읍,경상사고,0,0,1,0,차대사람 - 횡단중,안전운전불이행,포장 - 건조,맑음,교차로 - 교차로횡단보도내,화물,남,41세,상해없음,보행자,여,77세,경상
2020073100100479,2020년 7월 31일 18시,금요일,경상북도 안동시 동부동,경상사고,0,0,1,0,차대사람 - 길가장자리구역통행중,안전운전불이행,포장 - 건조,맑음,교차로 - 교차로부근,승용,남,52세,상해없음,보행자,남,12세,경상
2020073100100481,2020년 7월 31일 18시,금요일,경상북도 칠곡군 왜관읍,중상사고,0,1,0,0,차대사람 - 기타,안전운전불이행,포장 - 건조,맑음,주차장 - 주차장,승용,남,43세,상해없음,보행자,여,54세,중상
2020073100100529,2020년 7월 31일 19시,금요일,경상북도 포항시 북구 환호동,경상사고,0,0,1,0,차대사람 - 횡단중,안전운전불이행,포장 - 건조,맑음,단일로 - 기타,승용,남,58세,상해없음,보행자,남,4세,경상
2020073100100564,2020년 7월 31일 20시,금요일,경상북도 안동시 운흥동,중상사고,0,1,0,0,차대사람 - 기타,안전운전불이행,포장 - 건조,맑음,단일로 - 기타,원동기,여,19세,상해없음,보행자,여,60세,중상
2020073100100595,2020년 7월 31일 21시,금요일,경상북도 경산시 진량읍,중상사고,0,1,0,0,차대사람 - 횡단중,안전운전불이행,포장 - 건조,맑음,단일로 - 기타,승용,여,62세,상해없음,보행자,남,48세,중상
2020073100100630,2020년 7월 31일 22시,금요일,경상북도 문경시 가은읍,경상사고,0,0,1,0,차대사람 - 기타,안전운전불이행,포장 - 건조,맑음,주차장 - 주차장,승용,남,43세,상해없음,보행자,남,23세,경상
2020080100100105,2020년 8월 1일 08시,토요일,경상북도 울릉군 울릉읍,경상사고,0,0,1,0,차대사람 - 기타,중앙선침범,포장 - 건조,맑음,기타 - 기타,이륜,여,58세,상해없음,보행자,남,25세,경상
2020080100100150,2020년 8월 1일 10시,토요일,경상북도 김천시 성내동,경상사고,0,0,1,0,차대사람 - 횡단중,안전운전불이행,포장 - 건조,맑음,교차로 - 교차로부근,승용,여,62세,상해없음,보행자,여,73세,경상
2020080100100264,2020년 8월 1일 13시,토요일,경상북도 경산시 중방동,경상사고,0,0,1,0,차대사람 - 길가장자리구역통행중,안전운전불이행,포장 - 건조,맑음,단일로 - 기타,화물,남,29세,상해없음,보행자,여,47세,경상
2020080100100338,2020년 8월 1일 15시,토요일,경상북도 경산시 옥산동,중상사고,0,1,0,0,차대사람 - 횡단중,보행자보호의무위반,포장 - 건조,맑음,교차로 - 교차로횡단보도내,승용,남,47세,상해없음,보행자,여,67세,중상
2020080100100418,2020년 8월 1일 17시,토요일,경상북도 경주시 안강읍,사망사고,1,0,0,0,차대사람 - 횡단중,중앙선침범,포장 - 건조,맑음,단일로 - 기타,승용,여,20세,상해없음,보행자,여,6세,사망
2020080200100058,2020년 8월 2일 06시,일요일,경상북도 포항시 북구 두호동,중상사고,0,1,0,0,차대사람 - 횡단중,신호위반,포장 - 건조,맑음,교차로 - 교차로횡단보도내,이륜,남,19세,상해없음,보행자,남,65세,중상
2020080200100220,2020년 8월 2일 15시,일요일,경상북도 영덕군 강구면,경상사고,0,0,1,0,차대사람 - 차도통행중,안전운전불이행,포장 - 건조,맑음,교차로 - 교차로안,승용,남,59세,상해없음,보행자,남,56세,경상
2020080200100251,2020년 8월 2일 16시,일요일,경상북도 경주시 감포읍,경상사고,0,0,2,0,차대사람 - 기타,안전운전불이행,비포장 - 건조,맑음,기타 - 기타,승용,남,59세,상해없음,보행자,여,5세,경상
2020080200100306,2020년 8월 2일 18시,일요일,경상북도 영덕군 영덕읍,경상사고,0,0,1,0,차대사람 - 기타,안전운전불이행,포장 - 건조,맑음,단일로 - 기타,화물,남,68세,상해없음,보행자,남,62세,경상
2020080200100352,2020년 8월 2일 20시,일요일,경상북도 경주시 황남동,경상사고,0,0,1,0,차대사람 - 기타,안전운전불이행,포장 - 건조,맑음,기타 - 기타,이륜,남,63세,상해없음,보행자,여,36세,경상
2020080300100103,2020년 8월 3일 08시,월요일,경상북도 상주시 낙양동,경상사고,0,0,1,0,차대사람 - 차도통행중,안전운전불이행,포장 - 건조,맑음,교차로 - 교차로안,승용,남,28세,상해없음,보행자,남,79세,경상
2020080300100130,2020년 8월 3일 09시,월요일,경상북도 포항시 북구 죽도동,경상사고,0,0,1,0,차대사람 - 기타,안전운전불이행,포장 - 건조,맑음,기타 - 기타,승용,남,47세,상해없음,보행자,여,64세,경상
2020080300100348,2020년 8월 3일 15시,월요일,경상북도 김천시 지좌동,중상사고,0,1,0,0,차대사람 - 횡단중,안전운전불이행,포장 - 건조,맑음,교차로 - 교차로안,화물,남,68세,상해없음,보행자,여,64세,중상
2020080400100030,2020년 8월 4일 02시,화요일,경상북도 경주시 동천동,경상사고,0,0,1,0,차대사람 - 차도통행중,안전운전불이행,포장 - 건조,맑음,교차로 - 교차로안,승용,남,47세,상해없음,보행자,여,22세,경상
2020080400100144,2020년 8월 4일 10시,화요일,경상북도 경산시 하양읍,중상사고,0,2,0,0,차대사람 - 횡단중,보행자보호의무위반,포장 - 건조,맑음,교차로 - 교차로횡단보도내,화물,남,58세,상해없음,보행자,여,61세,중상
2020080400100177,2020년 8월 4일 11시,화요일,경상북도 안동시 대석동,경상사고,0,0,1,0,차대사람 - 보도통행중,보행자보호의무위반,포장 - 건조,맑음,교차로 - 교차로횡단보도내,승용,여,44세,상해없음,보행자,남,70세,경상
2020080400100502,2020년 8월 4일 20시,화요일,경상북도 경주시 광명동,중상사고,0,1,0,0,차대사람 - 횡단중,안전운전불이행,포장 - 건조,맑음,교차로 - 교차로안,승용,남,64세,상해없음,보행자,남,85세,중상
2020080500100112,2020년 8월 5일 09시,수요일,경상북도 영천시 금호읍,중상사고,0,1,0,0,차대사람 - 길가장자리구역통행중,안전운전불이행,포장 - 건조,맑음,단일로 - 기타,화물,남,58세,상해없음,보행자,여,78세,중상
2020080500100137,2020년 8월 5일 10시,수요일,경상북도 포항시 남구 대도동,경상사고,0,0,1,0,차대사람 - 차도통행중,안전운전불이행,포장 - 건조,맑음,단일로 - 기타,승용,남,70세,상해없음,보행자,여,50세,경상
2020080500100205,2020년 8월 5일 12시,수요일,경상북도 구미시 비산동,경상사고,0,0,1,0,차대사람 - 기타,안전운전불이행,포장 - 건조,맑음,주차장 - 주차장,승용,남,79세,상해없음,보행자,남,43세,경상
2020080600100035,2020년 8월 6일 01시,목요일,경상북도 구미시 황상동,부상신고사고,0,0,0,1,차대사람 - 기타,안전운전불이행,포장 - 건조,맑음,단일로 - 기타,승용,남,24세,상해없음,보행자,여,19세,부상신고
2020080600100122,2020년 8월 6일 08시,목요일,경상북도 김천시 봉산면,중상사고,0,1,0,0,차대사람 - 횡단중,안전운전불이행,포장 - 젖음/습기,비,단일로 - 기타,승용,남,36세,상해없음,보행자,여,81세,중상
2020080600100159,2020년 8월 6일 09시,목요일,경상북도 김천시 용두동,중상사고,0,1,0,0,차대사람 - 횡단중,보행자보호의무위반,포장 - 젖음/습기,비,교차로 - 교차로안,승용,남,79세,상해없음,보행자,여,74세,중상
2020080600100275,2020년 8월 6일 13시,목요일,경상북도 영주시 휴천동,중상사고,0,1,0,0,차대사람 - 차도통행중,안전운전불이행,포장 - 젖음/습기,비,단일로 - 기타,승용,남,35세,상해없음,보행자,여,60세,중상
2020080600100276,2020년 8월 6일 13시,목요일,경상북도 구미시 고아읍,중상사고,0,1,0,0,차대사람 - 기타,보행자보호의무위반,포장 - 건조,흐림,교차로 - 교차로횡단보도내,승용,여,48세,상해없음,보행자,여,76세,중상
2020080600100430,2020년 8월 6일 17시,목요일,경상북도 경주시 사정동,경상사고,0,0,1,0,차대사람 - 길가장자리구역통행중,안전운전불이행,포장 - 건조,맑음,단일로 - 기타,승용,남,43세,상해없음,보행자,여,23세,경상