사고번호,사고일시,요일,시군구,사고내용,사망자수,중상자수,경상자수,부상신고자수,사고유형,법규위반,노면상태,기상상태,도로형태,가해운전자 차종,가해운전자 성별,가해운전자 연령,가해운전자 상해정도,피해운전자 차종,피해운전자 성별,피해운전자 연령,피해운전자 상해정도
2020092500100624,2020년 9월 25일 19시,금요일,경상북도 포항시 북구 양덕동,경상사고,0,0,1,0,차대사람 - 횡단중,안전운전불이행,포장 - 건조,맑음,단일로 - 기타,기타불명,기타불명,미분류,기타불명,보행자,남,56세,경상
2020092500100625,2020년 9월 25일 19시,금요일,경상북도 칠곡군 왜관읍,중상사고,0,1,0,0,차대사람 - 횡단중,안전운전불이행,포장 - 건조,맑음,교차로 - 교차로안,승용,여,66세,상해없음,보행자,여,75세,중상
2020092500100626,2020년 9월 25일 19시,금요일,경상북도 문경시 점촌동,경상사고,0,0,1,0,차대사람 - 차도통행중,안전운전불이행,포장 - 건조,맑음,단일로 - 기타,기타불명,기타불명,미분류,기타불명,보행자,남,68세,경상
2020092500100627,2020년 9월 25일 19시,금요일,경상북도 경산시 대평동,중상사고,0,1,0,0,차대사람 - 기타,안전운전불이행,포장 - 건조,맑음,교차로 - 교차로횡단보도내,승합,남,57세,상해없음,보행자,여,73세,중상
2020092500100696,2020년 9월 25일 21시,금요일,경상북도 영천시 문외동,경상사고,0,0,1,0,차대사람 - 횡단중,안전운전불이행,포장 - 건조,맑음,교차로 - 교차로부근,승용,남,46세,상해없음,보행자,남,41세,경상
2020092600100011,2020년 9월 26일 00시,토요일,경상북도 포항시 북구 죽도동,중상사고,0,1,0,0,차대사람 - 횡단중,안전운전불이행,포장 - 건조,맑음,단일로 - 기타,승용,남,65세,상해없음,보행자,남,50세,중상
2020092600100283,2020년 9월 26일 12시,토요일,경상북도 영천시 임고면,경상사고,0,0,1,0,차대사람 - 횡단중,안전운전불이행,포장 - 건조,맑음,교차로 - 교차로안,화물,남,67세,상해없음,보행자,남,6세,경상
2020092600100330,2020년 9월 26일 13시,토요일,경상북도 영덕군 영덕읍,중상사고,0,1,0,0,차대사람 - 기타,안전운전불이행,포장 - 건조,맑음,주차장 - 주차장,화물,남,58세,상해없음,보행자,남,60세,중상
2020092600100332,2020년 9월 26일 13시,토요일,경상북도 구미시 원평동,경상사고,0,0,1,0,차대사람 - 차도통행중,안전운전불이행,포장 - 건조,맑음,교차로 - 교차로부근,화물,남,40세,상해없음,보행자,남,29세,경상
2020092600100469,2020년 9월 26일 16시,토요일,경상북도 경산시 옥산동,경상사고,0,0,1,0,차대사람 - 횡단중,안전운전불이행,포장 - 건조,맑음,교차로 - 교차로안,승용,남,62세,상해없음,보행자,여,69세,경상
2020092600100635,2020년 9월 26일 20시,토요일,경상북도 김천시 평화동,부상신고사고,0,0,0,1,차대사람 - 횡단중,안전운전불이행,포장 - 건조,맑음,단일로 - 기타,승용,여,29세,상해없음,보행자,여,59세,부상신고
2020092700100241,2020년 9월 27일 13시,일요일,경상북도 경주시 양남면,중상사고,0,1,0,0,차대사람 - 횡단중,보행자보호의무위반,포장 - 건조,맑음,단일로 - 기타,승용,여,26세,상해없음,보행자,남,6세,중상
2020092700100280,2020년 9월 27일 14시,일요일,경상북도 김천시 모암동,경상사고,0,0,1,0,차대사람 - 길가장자리구역통행중,안전운전불이행,포장 - 건조,맑음,단일로 - 기타,승용,남,44세,상해없음,보행자,남,43세,경상
2020092700100493,2020년 9월 27일 20시,일요일,경상북도 경산시 백천동,경상사고,0,0,1,0,차대사람 - 길가장자리구역통행중,안전운전불이행,포장 - 건조,맑음,단일로 - 기타,승용,여,21세,상해없음,보행자,남,38세,경상
2020092800100189,2020년 9월 28일 10시,월요일,경상북도 포항시 북구 덕수동,중상사고,0,1,0,0,차대사람 - 차도통행중,신호위반,포장 - 건조,맑음,교차로 - 교차로부근,이륜,남,24세,상해없음,보행자,남,66세,중상
2020092800100239,2020년 9월 28일 11시,월요일,경상북도 경산시 자인면,사망사고,1,0,0,0,차대사람 - 기타,안전운전불이행,포장 - 건조,맑음,교차로 - 교차로안,화물,남,63세,상해없음,보행자,남,83세,사망
2020092800100448,2020년 9월 28일 15시,월요일,경상북도 안동시 안기동,중상사고,0,1,0,0,차대사람 - 길가장자리구역통행중,안전운전불이행,포장 - 건조,맑음,단일로 - 기타,승용,남,77세,상해없음,보행자,남,47세,중상
2020092800100505,2020년 9월 28일 16시,월요일,경상북도 포항시 북구 창포동,중상사고,0,1,0,0,차대사람 - 횡단중,보행자보호의무위반,포장 - 건조,맑음,교차로 - 교차로횡단보도내,승용,남,69세,상해없음,보행자,여,69세,중상
2020092800100634,2020년 9월 28일 18시,월요일,경상북도 김천시 성내동,경상사고,0,0,1,0,차대사람 - 횡단중,보행자보호의무위반,포장 - 건조,맑음,교차로 - 교차로횡단보도내,승용,여,66세,상해없음,보행자,남,47세,경상
2020092800100635,2020년 9월 28일 18시,월요일,경상북도 경산시 사동,중상사고,0,1,0,0,차대사람 - 횡단중,보행자보호의무위반,포장 - 건조,맑음,교차로 - 교차로안,승용,남,56세,상해없음,보행자,남,21세,중상
2020092800100703,2020년 9월 28일 19시,월요일,경상북도 영주시 가흥동,중상사고,0,1,0,0,차대사람 - 횡단중,보행자보호의무위반,포장 - 건조,맑음,기타 - 기타,승용,남,52세,상해없음,보행자,여,52세,중상
2020092800100704,2020년 9월 28일 19시,월요일,경상북도 칠곡군 지천면,사망사고,1,0,3,0,차대사람 - 차도통행중,안전운전불이행,포장 - 건조,기타,단일로 - 기타,승용,남,52세,경상,보행자,남,75세,사망
2020092800100769,2020년 9월 28일 21시,월요일,경상북도 안동시 정하동,경상사고,0,0,1,0,차대사람 - 길가장자리구역통행중,안전운전불이행,포장 - 건조,맑음,교차로 - 교차로안,승용,남,53세,상해없음,보행자,여,46세,경상
2020092800100826,2020년 9월 28일 23시,월요일,경상북도 김천시 지좌동,중상사고,0,1,0,0,차대사람 - 기타,안전운전불이행,포장 - 건조,맑음,단일로 - 기타,승용,여,45세,상해없음,보행자,여,57세,중상
2020092900100245,2020년 9월 29일 11시,화요일,경상북도 김천시 율곡동,경상사고,0,0,1,0,차대사람 - 길가장자리구역통행중,안전운전불이행,포장 - 건조,맑음,단일로 - 기타,승용,여,55세,상해없음,보행자,남,41세,경상
2020092900100326,2020년 9월 29일 13시,화요일,경상북도 경주시 시래동,사망사고,1,0,0,0,차대사람 - 차도통행중,안전운전불이행,포장 - 건조,맑음,단일로 - 기타,화물,남,49세,상해없음,보행자,남,84세,사망
2020092900100388,2020년 9월 29일 14시,화요일,경상북도 경주시 안강읍,경상사고,0,0,1,0,차대사람 - 기타,안전운전불이행,포장 - 건조,맑음,단일로 - 기타,승용,남,63세,상해없음,보행자,여,46세,경상
2020092900100450,2020년 9월 29일 15시,화요일,경상북도 청도군 풍각면,중상사고,0,1,0,0,차대사람 - 기타,불법유턴,포장 - 건조,맑음,교차로 - 교차로부근,화물,남,66세,상해없음,보행자,여,91세,중상
2020092900100734,2020년 9월 29일 20시,화요일,경상북도 청도군 청도읍,경상사고,0,0,1,0,차대사람 - 횡단중,안전운전불이행,포장 - 건조,흐림,기타 - 기타,승용,여,36세,상해없음,보행자,남,57세,경상
2020092900100783,2020년 9월 29일 21시,화요일,경상북도 구미시 원평동,경상사고,0,0,2,0,차대사람 - 기타,보행자보호의무위반,포장 - 건조,맑음,교차로 - 교차로부근,승용,여,48세,상해없음,보행자,남,31세,경상
2020093000100014,2020년 9월 30일 00시,수요일,경상북도 구미시 황상동,경상사고,0,0,1,0,차대사람 - 기타,안전운전불이행,포장 - 건조,맑음,단일로 - 기타,승용,남,20세,상해없음,보행자,여,18세,경상
2020093000100035,2020년 9월 30일 01시,수요일,경상북도 포항시 북구 죽도동,중상사고,0,1,0,0,차대사람 - 횡단중,안전운전불이행,포장 - 건조,맑음,단일로 - 기타,승용,남,70세,상해없음,보행자,여,64세,중상
2020093000100160,2020년 9월 30일 10시,수요일,경상북도 상주시 남성동,중상사고,0,1,0,0,차대사람 - 기타,안전운전불이행,포장 - 건조,맑음,단일로 - 기타,화물,남,40세,상해없음,보행자,여,80세,중상
2020093000100188,2020년 9월 30일 11시,수요일,경상북도 칠곡군 왜관읍,경상사고,0,0,1,0,차대사람 - 길가장자리구역통행중,안전운전불이행,포장 - 건조,맑음,단일로 - 기타,승용,남,62세,상해없음,보행자,남,44세,경상
2020093000100404,2020년 9월 30일 18시,수요일,경상북도 경주시 안강읍,경상사고,0,0,1,0,차대사람 - 기타,기타,포장 - 기타,맑음,단일로 - 기타,승용,남,44세,상해없음,보행자,여,74세,경상
2020093000100441,2020년 9월 30일 19시,수요일,경상북도 포항시 북구 죽도동,중상사고,0,1,0,0,차대사람 - 횡단중,안전운전불이행,포장 - 건조,맑음,단일로 - 기타,승용,남,24세,상해없음,보행자,남,63세,중상
2020100100100027,2020년 10월 1일 02시,목요일,경상북도 김천시 신음동,경상사고,0,0,1,0,차대사람 - 길가장자리구역통행중,안전운전불이행,포장 - 건조,맑음,단일로 - 기타,승용,여,53세,상해없음,보행자,여,23세,경상
2020100100100087,2020년 10월 1일 11시,목요일,경상북도 경산시 용성면,중상사고,0,1,0,0,차대사람 - 차도통행중,안전운전불이행,포장 - 건조,맑음,단일로 - 기타,승용,여,59세,상해없음,보행자,남,68세,중상
2020100100100191,2020년 10월 1일 15시,목요일,경상북도 영천시 청통면,중상사고,0,1,0,0,차대사람 - 길가장자리구역통행중,안전운전불이행,포장 - 건조,맑음,단일로 - 기타,기타불명,기타불명,미분류,기타불명,보행자,여,73세,중상
2020100100100287,2020년 10월 1일 20시,목요일,경상북도 구미시 원평동,부상신고사고,0,0,0,1,차대사람 - 기타,안전운전불이행,포장 - 건조,맑음,단일로 - 기타,이륜,남,42세,부상신고,보행자,남,53세,상해없음
2020100200100029,2020년 10월 2일 03시,금요일,경상북도 포항시 북구 항구동,부상신고사고,0,0,0,1,차대사람 - 기타,안전운전불이행,포장 - 건조,맑음,단일로 - 기타,승용,남,25세,상해없음,보행자,남,18세,부상신고
2020100200100281,2020년 10월 2일 18시,금요일,경상북도 영주시 상망동,경상사고,0,0,1,0,차대사람 - 횡단중,보행자보호의무위반,포장 - 건조,맑음,단일로 - 기타,승용,여,60세,상해없음,보행자,여,55세,경상
2020100200100392,2020년 10월 2일 22시,금요일,경상북도 구미시 원평동,경상사고,0,0,1,0,차대사람 - 기타,안전운전불이행,포장 - 건조,맑음,단일로 - 기타,승용,남,26세,상해없음,보행자,남,22세,경상
2020100300100034,2020년 10월 3일 02시,토요일,경상북도 영주시 가흥동,중상사고,0,1,0,0,차대사람 - 횡단중,안전운전불이행,포장 - 건조,맑음,기타 - 기타,승용,남,38세,기타불명,보행자,남,19세,중상
2020100300100303,2020년 10월 3일 17시,토요일,경상북도 구미시 원평동,경상사고,0,0,2,0,차대사람 - 기타,안전운전불이행,포장 - 건조,맑음,교차로 - 교차로부근,승용,여,59세,상해없음,보행자,여,12세,경상
2020100400100037,2020년 10월 4일 02시,일요일,경상북도 김천시 신음동,경상사고,0,0,1,0,차대사람 - 차도통행중,안전운전불이행,포장 - 건조,맑음,단일로 - 기타,승용,남,37세,상해없음,보행자,남,25세,경상
2020100400100228,2020년 10월 4일 15시,일요일,경상북도 고령군 대가야읍,경상사고,0,0,1,0,차대사람 - 기타,안전운전불이행,포장 - 건조,맑음,단일로 - 기타,승용,남,62세,상해없음,보행자,여,38세,경상
2020100400100312,2020년 10월 4일 18시,일요일,경상북도 경주시 황남동,경상사고,0,0,1,0,차대사람 - 길가장자리구역통행중,안전운전불이행,포장 - 건조,맑음,단일로 - 기타,승용,여,28세,상해없음,보행자,여,31세,경상
2020100500100155,2020년 10월 5일 09시,월요일,경상북도 영덕군 강구면,경상사고,0,0,1,0,차대사람 - 기타,안전운전불이행,포장 - 건조,맑음,기타 - 기타,승합,남,59세,상해없음,보행자,여,65세,경상
2020100500100355,2020년 10월 5일 14시,월요일,경상북도 포항시 남구 오천읍,경상사고,0,0,1,0,차대사람 - 횡단중,안전운전불이행,포장 - 건조,맑음,교차로 - 교차로안,승용,남,62세,상해없음,보행자,여,61세,경상
2020100500100486,2020년 10월 5일 17시,월요일,경상북도 청송군 주왕산면,사망사고,1,0,0,0,차대사람 - 횡단중,안전운전불이행,포장 - 건조,맑음,교차로 - 교차로안,화물,남,66세,상해없음,보행자,여,81세,사망
2020100500100531,2020년 10월 5일 18시,월요일,경상북도 포항시 북구 두호동,부상신고사고,0,0,0,1,차대사람 - 기타,안전운전불이행,포장 - 건조,맑음,단일로 - 기타,승용,남,51세,상해없음,보행자,여,73세,부상신고
2020100600100179,2020년 10월 6일 10시,화요일,경상북도 안동시 송현동,중상사고,0,1,0,0,차대사람 - 길가장자리구역통행중,안전운전불이행,포장 - 건조,맑음,단일로 - 기타,화물,남,45세,상해없음,보행자,여,77세,중상
2020100600100182,2020년 10월 6일 10시,화요일,경상북도 영주시 가흥동,경상사고,0,0,1,0,차대사람 - 기타,안전운전불이행,포장 - 건조,맑음,단일로 - 기타,화물,남,49세,상해없음,보행자,여,68세,경상
2020100600100255,2020년 10월 6일 12시,화요일,경상북도 울진군 북면,중상사고,0,1,0,0,차대사람 - 횡단중,보행자보호의무위반,포장 - 건조,맑음,교차로 - 교차로부근,승용,여,74세,상해없음,보행자,여,92세,중상
2020100600100331,2020년 10월 6일 14시,화요일,경상북도 경주시 외동읍,부상신고사고,0,0,0,1,차대사람 - 기타,안전운전불이행,포장 - 건조,맑음,교차로 - 교차로부근,승용,여,67세,상해없음,보행자,남,66세,부상신고
2020100700100166,2020년 10월 7일 10시,수요일,경상북도 포항시 남구 연일읍,중상사고,0,1,0,0,차대사람 - 기타,안전운전불이행,포장 - 건조,맑음,단일로 - 기타,자전거,남,53세,상해없음,보행자,여,51세,중상
2020100700100340,2020년 10월 7일 15시,수요일,경상북도 포항시 남구 대도동,경상사고,0,0,1,0,차대사람 - 기타,안전운전불이행,포장 - 건조,맑음,단일로 - 기타,승용,남,68세,상해없음,보행자,여,22세,경상
2020100700100525,2020년 10월 7일 19시,수요일,경상북도 구미시 진평동,경상사고,0,0,1,0,차대사람 - 기타,안전운전불이행,포장 - 건조,맑음,단일로 - 기타,승합,남,32세,상해없음,보행자,남,47세,경상
2020100800100138,2020년 10월 8일 08시,목요일,경상북도 포항시 북구 죽도동,부상신고사고,0,0,0,1,차대사람 - 보도통행중,안전운전불이행,포장 - 건조,맑음,교차로 - 교차로안,화물,남,52세,상해없음,보행자,여,59세,부상신고
2020100800100144,2020년 10월 8일 08시,목요일,경상북도 구미시 공단동,경상사고,0,0,1,0,차대사람 - 보도통행중,기타,포장 - 건조,맑음,단일로 - 기타,자전거,여,31세,상해없음,보행자,남,5세,경상
2020100800100188,2020년 10월 8일 09시,목요일,경상북도 영양군 영양읍,중상사고,0,1,0,0,차대사람 - 횡단중,중앙선침범,포장 - 건조,맑음,교차로 - 교차로부근,승용,남,75세,상해없음,보행자,여,82세,중상
2020100800100406,2020년 10월 8일 15시,목요일,경상북도 포항시 남구 송도동,중상사고,0,1,0,0,차대사람 - 기타,안전운전불이행,포장 - 건조,맑음,교차로 - 교차로부근,승합,남,46세,상해없음,보행자,남,7세,중상
2020100800100565,2020년 10월 8일 18시,목요일,경상북도 구미시 봉곡동,경상사고,0,0,1,0,차대사람 - 횡단중,보행자보호의무위반,포장 - 건조,맑음,교차로 - 교차로부근,이륜,남,39세,상해없음,보행자,여,10세,경상
2020100800100637,2020년 10월 8일 19시,목요일,경상북도 포항시 북구 장성동,중상사고,0,1,0,0,차대사람 - 횡단중,중앙선침범,포장 - 건조,맑음,교차로 - 교차로횡단보도내,화물,남,76세,상해없음,보행자,남,50세,중상
2020100800100639,2020년 10월 8일 19시,목요일,경상북도 포항시 남구 오천읍,경상사고,0,0,1,0,차대사람 - 횡단중,보행자보호의무위반,포장 - 건조,맑음,교차로 - 교차로안,승용,남,25세,상해없음,보행자,여,22세,경상
2020100800100747,2020년 10월 8일 22시,목요일,경상북도 구미시 진평동,경상사고,0,0,1,0,차대사람 - 기타,안전운전불이행,포장 - 건조,맑음,교차로 - 교차로부근,승용,남,45세,상해없음,보행자,남,43세,경상
2020100900100229,2020년 10월 9일 12시,금요일,경상북도 김천시 평화동,중상사고,0,1,0,0,차대사람 - 차도통행중,안전운전불이행,포장 - 건조,맑음,단일로 - 기타,승용,남,57세,상해없음,보행자,여,75세,중상
2020100900100264,2020년 10월 9일 13시,금요일,경상북도 경주시 황남동,중상사고,0,1,0,0,차대사람 - 길가장자리구역통행중,안전운전불이행,포장 - 건조,맑음,단일로 - 기타,승용,여,31세,상해없음,보행자,여,19세,중상
2020100900100433,2020년 10월 9일 18시,금요일,경상북도 안동시 풍산읍,중상사고,0,1,0,0,차대사람 - 기타,안전운전불이행,포장 - 건조,맑음,단일로 - 기타,승용,여,63세,상해없음,보행자,남,18세,중상
2020100900100523,2020년 10월 9일 20시,금요일,경상북도 안동시 용상동,경상사고,0,0,1,0,차대사람 - 기타,보행자보호의무위반,포장 - 건조,맑음,단일로 - 기타,승용,여,61세,상해없음,보행자,여,20세,경상
2020100900100524,2020년 10월 9일 20시,금요일,경상북도 영주시 가흥동,경상사고,0,0,1,0,차대사람 - 기타,안전운전불이행,포장 - 건조,맑음,단일로 - 기타,승용,여,68세,상해없음,보행자,남,42세,경상
2020100900100548,2020년 10월 9일 21시,금요일,경상북도 경주시 황성동,중상사고,0,1,0,0,차대사람 - 기타,안전운전불이행,포장 - 건조,맑음,교차로 - 교차로부근,승용,남,62세,상해없음,보행자,여,41세,중상
2020100900100592,2020년 10월 9일 23시,금요일,경상북도 경산시 진량읍,중상사고,0,1,0,0,차대사람 - 횡단중,신호위반,포장 - 건조,맑음,단일로 - 기타,이륜,남,22세,상해없음,보행자,여,63세,중상
2020101000100192,2020년 10월 10일 11시,토요일,경상북도 성주군 수륜면,중상사고,0,1,0,0,차대사람 - 기타,기타,포장 - 건조,맑음,단일로 - 기타,승용,여,61세,상해없음,보행자,여,73세,중상
2020101000100266,2020년 10월 10일 13시,토요일,경상북도 김천시 아포읍,중상사고,0,1,0,0,차대사람 - 차도통행중,안전운전불이행,포장 - 건조,맑음,기타 - 기타,승용,남,34세,상해없음,보행자,남,3세,중상
2020101000100346,2020년 10월 10일 15시,토요일,경상북도 영천시 완산동,경상사고,0,0,1,0,차대사람 - 기타,보행자보호의무위반,포장 - 건조,맑음,교차로 - 교차로부근,화물,남,49세,상해없음,보행자,여,57세,경상
2020101000100388,2020년 10월 10일 16시,토요일,경상북도 안동시 옥동,중상사고,0,1,1,0,차대사람 - 횡단중,신호위반,포장 - 건조,맑음,교차로 - 교차로안,승용,여,51세,경상,보행자,여,78세,중상
2020101000100429,2020년 10월 10일 17시,토요일,경상북도 경산시 대동,중상사고,0,1,0,0,차대사람 - 기타,기타,포장 - 건조,맑음,단일로 - 기타,승합,남,49세,기타불명,보행자,여,50세,중상
2020101000100471,2020년 10월 10일 18시,토요일,경상북도 청도군 운문면,경상사고,0,0,1,0,차대사람 - 횡단중,안전운전불이행,포장 - 건조,맑음,교차로 - 교차로안,화물,남,53세,상해없음,보행자,남,59세,경상
2020101000100537,2020년 10월 10일 20시,토요일,경상북도 경산시 진량읍,중상사고,0,1,0,0,차대사람 - 횡단중,안전운전불이행,포장 - 건조,맑음,단일로 - 기타,이륜,남,20세,상해없음,보행자,여,46세,중상
2020101100100140,2020년 10월 11일 11시,일요일,경상북도 김천시 지좌동,경상사고,0,0,1,1,차대사람 - 차도통행중,안전운전불이행,포장 - 건조,맑음,단일로 - 기타,승용,여,33세,경상,보행자,남,38세,부상신고
2020101100100141,2020년 10월 11일 11시,일요일,경상북도 영천시 금호읍,중상사고,0,1,0,0,차대사람 - 기타,안전운전불이행,포장 - 건조,맑음,단일로 - 기타,승용,여,55세,상해없음,보행자,여,70세,중상
2020101100100191,2020년 10월 11일 13시,일요일,경상북도 의성군 의성읍,경상사고,0,0,1,0,차대사람 - 보도통행중,기타,포장 - 건조,맑음,교차로 - 교차로안,승용,남,29세,상해없음,보행자,남,50세,경상
2020101100100358,2020년 10월 11일 18시,일요일,경상북도 경산시 대정동,중상사고,0,1,0,0,차대사람 - 기타,안전운전불이행,포장 - 건조,맑음,단일로 - 기타,승용,여,53세,상해없음,보행자,남,75세,중상
2020101100100428,2020년 10월 11일 20시,일요일,경상북도 안동시 동부동,중상사고,0,1,0,0,차대사람 - 기타,보행자보호의무위반,포장 - 건조,맑음,단일로 - 기타,승용,남,74세,상해없음,보행자,여,69세,중상
2020101200100239,2020년 10월 12일 11시,월요일,경상북도 의성군 의성읍,중상사고,0,2,0,0,차대사람 - 기타,안전운전불이행,포장 - 건조,맑음,기타 - 기타,승용,남,81세,상해없음,보행자,여,49세,중상
2020101200100240,2020년 10월 12일 11시,월요일,경상북도 구미시 광평동,경상사고,0,0,1,0,차대사람 - 기타,기타,포장 - 건조,맑음,단일로 - 기타,화물,남,50세,상해없음,보행자,남,31세,경상
2020101200100442,2020년 10월 12일 16시,월요일,경상북도 경주시 노서동,중상사고,0,1,0,0,차대사람 - 횡단중,신호위반,포장 - 건조,맑음,단일로 - 기타,승용,여,68세,상해없음,보행자,여,64세,중상
2020101200100554,2020년 10월 12일 18시,월요일,경상북도 칠곡군 북삼읍,중상사고,0,1,0,0,차대사람 - 기타,기타,포장 - 건조,맑음,단일로 - 기타,화물,남,60세,상해없음,보행자,남,15세,중상
2020101200100610,2020년 10월 12일 19시,월요일,경상북도 경주시 황성동,중상사고,0,1,0,0,차대사람 - 횡단중,보행자보호의무위반,포장 - 건조,맑음,교차로 - 교차로횡단보도내,이륜,남,16세,상해없음,보행자,여,25세,중상
2020101300100005,2020년 10월 13일 00시,화요일,경상북도 포항시 북구 죽도동,경상사고,0,0,1,0,차대사람 - 기타,보행자보호의무위반,포장 - 건조,맑음,교차로 - 교차로부근,승용,남,62세,상해없음,보행자,남,19세,경상
2020101300100064,2020년 10월 13일 07시,화요일,경상북도 영주시 휴천동,중상사고,0,1,0,0,차대사람 - 횡단중,보행자보호의무위반,포장 - 건조,맑음,교차로 - 교차로안,승용,여,45세,상해없음,보행자,여,68세,중상
2020101300100065,2020년 10월 13일 07시,화요일,경상북도 경산시 압량면,경상사고,0,0,1,0,차대사람 - 기타,안전운전불이행,포장 - 건조,맑음,단일로 - 기타,승용,남,58세,상해없음,보행자,남,58세,경상
2020101300100139,2020년 10월 13일 09시,화요일,경상북도 경주시 서면,중상사고,0,1,0,0,차대사람 - 기타,안전운전불이행,포장 - 건조,맑음,단일로 - 교량,화물,남,43세,상해없음,보행자,여,95세,중상
2020101300100171,2020년 10월 13일 10시,화요일,경상북도 김천시 평화동,경상사고,0,0,1,0,차대사람 - 보도통행중,신호위반,포장 - 건조,맑음,교차로 - 교차로횡단보도내,화물,남,52세,상해없음,보행자,남,65세,경상
2020101300100173,2020년 10월 13일 10시,화요일,경상북도 상주시 공성면,중상사고,0,1,0,0,차대사람 - 기타,안전운전불이행,포장 - 건조,맑음,단일로 - 기타,승용,여,41세,상해없음,보행자,남,60세,중상
2020101300100365,2020년 10월 13일 15시,화요일,경상북도 포항시 북구 죽도동,경상사고,0,0,1,0,차대사람 - 기타,안전운전불이행,포장 - 건조,맑음,단일로 - 기타,기타불명,기타불명,미분류,기타불명,보행자,여,78세,경상
2020101300100620,2020년 10월 13일 21시,화요일,경상북도 경산시 옥산동,중상사고,0,1,0,0,차대사람 - 횡단중,보행자보호의무위반,포장 - 건조,맑음,교차로 - 교차로횡단보도내,승용,남,30세,상해없음,보행자,여,71세,중상
2020101400100177,2020년 10월 14일 10시,수요일,경상북도 경주시 신평동,중상사고,0,1,0,0,차대사람 - 길가장자리구역통행중,안전운전불이행,포장 - 건조,맑음,단일로 - 기타,건설기계,남,47세,상해없음,보행자,남,38세,중상
2020101400100416,2020년 10월 14일 17시,수요일,경상북도 포항시 남구 송도동,중상사고,0,1,0,0,차대사람 - 기타,기타,포장 - 건조,맑음,단일로 - 기타,승용,남,29세,상해없음,보행자,여,62세,중상
2020101400100475,2020년 10월 14일 18시,수요일,경상북도 예천군 예천읍,중상사고,0,1,0,0,차대사람 - 차도통행중,안전운전불이행,포장 - 건조,맑음,단일로 - 기타,승용,여,74세,상해없음,보행자,여,77세,중상
2020101400100479,2020년 10월 14일 18시,수요일,경상북도 포항시 남구 대잠동,중상사고,0,1,1,0,차대사람 - 횡단중,보행자보호의무위반,포장 - 건조,맑음,교차로 - 교차로횡단보도내,이륜,남,24세,경상,보행자,남,54세,중상
2020101400100539,2020년 10월 14일 19시,수요일,경상북도 구미시 고아읍,경상사고,0,0,1,0,차대사람 - 기타,보행자보호의무위반,포장 - 건조,맑음,교차로 - 교차로횡단보도내,화물,남,47세,상해없음,보행자,남,53세,경상
2020101400100622,2020년 10월 14일 22시,수요일,경상북도 영천시 청통면,중상사고,0,1,0,0,차대사람 - 차도통행중,안전운전불이행,포장 - 건조,맑음,단일로 - 교량,승용,남,25세,상해없음,보행자,남,55세,중상
2020101500100010,2020년 10월 15일 00시,목요일,경상북도 영천시 망정동,경상사고,0,0,1,0,차대사람 - 횡단중,안전운전불이행,포장 - 건조,맑음,단일로 - 기타,승용,남,66세,상해없음,보행자,남,18세,경상
2020101500100110,2020년 10월 15일 08시,목요일,경상북도 경주시 황성동,경상사고,0,0,1,0,차대사람 - 횡단중,안전운전불이행,포장 - 건조,맑음,교차로 - 교차로안,화물,남,51세,상해없음,보행자,여,78세,경상
2020101500100220,2020년 10월 15일 11시,목요일,경상북도 경주시 황성동,중상사고,0,1,0,0,차대사람 - 횡단중,안전운전불이행,포장 - 건조,맑음,교차로 - 교차로안,승용,여,40세,상해없음,보행자,남,66세,중상
2020101500100223,2020년 10월 15일 11시,목요일,경상북도 구미시 공단동,중상사고,0,1,0,0,차대사람 - 기타,보행자보호의무위반,포장 - 건조,맑음,단일로 - 기타,화물,남,47세,상해없음,보행자,여,80세,중상
2020101500100304,2020년 10월 15일 13시,목요일,경상북도 경주시 안강읍,중상사고,0,1,0,0,차대사람 - 차도통행중,안전운전불이행,포장 - 건조,맑음,교차로 - 교차로안,승용,여,55세,상해없음,보행자,남,76세,중상
2020101500100305,2020년 10월 15일 13시,목요일,경상북도 경주시 사정동,경상사고,0,0,1,0,차대사람 - 보도통행중,안전운전불이행,포장 - 건조,맑음,단일로 - 지하차도(도로)내,승용,남,20세,상해없음,보행자,남,32세,경상
2020101500100476,2020년 10월 15일 17시,목요일,경상북도 포항시 남구 오천읍,경상사고,0,0,1,0,차대사람 - 차도통행중,안전운전불이행,포장 - 건조,맑음,단일로 - 기타,승용,여,67세,상해없음,보행자,여,42세,경상
2020101500100477,2020년 10월 15일 17시,목요일,경상북도 포항시 남구 연일읍,중상사고,0,1,0,0,차대사람 - 기타,신호위반,포장 - 건조,맑음,단일로 - 기타,화물,남,70세,상해없음,보행자,여,49세,중상
2020101500100548,2020년 10월 15일 18시,목요일,경상북도 영주시 조암동,중상사고,0,1,0,0,차대사람 - 횡단중,안전운전불이행,포장 - 건조,맑음,단일로 - 기타,승용,남,44세,상해없음,보행자,남,61세,중상
2020101500100552,2020년 10월 15일 18시,목요일,경상북도 구미시 고아읍,중상사고,0,1,0,0,차대사람 - 횡단중,안전운전불이행,포장 - 건조,맑음,단일로 - 기타,승용,남,54세,상해없음,보행자,여,71세,중상